-- phpMyAdmin SQL Dump
-- version 4.8.5
-- https://www.phpmyadmin.net/
--
-- Host: 127.0.0.1
-- Generation Time: Feb 20, 2019 at 07:18 PM
-- Server version: 10.1.38-MariaDB
-- PHP Version: 7.3.2

SET SQL_MODE = "NO_AUTO_VALUE_ON_ZERO";
SET AUTOCOMMIT = 0;
START TRANSACTION;
SET time_zone = "+00:00";


/*!40101 SET @OLD_CHARACTER_SET_CLIENT=@@CHARACTER_SET_CLIENT */;
/*!40101 SET @OLD_CHARACTER_SET_RESULTS=@@CHARACTER_SET_RESULTS */;
/*!40101 SET @OLD_COLLATION_CONNECTION=@@COLLATION_CONNECTION */;
/*!40101 SET NAMES utf8mb4 */;

--
-- Database: `tomato`
--

-- --------------------------------------------------------

--
-- Table structure for table `accession_number`
--

CREATE TABLE `accession_number` (
  `id_accession_number` int(11) NOT NULL,
  `accession_number` varchar(255) COLLATE utf32_unicode_ci NOT NULL
) ENGINE=InnoDB DEFAULT CHARSET=utf32 COLLATE=utf32_unicode_ci;

--
-- Dumping data for table `accession_number`
--

INSERT INTO `accession_number` (`id_accession_number`, `accession_number`) VALUES
(1, 'LE001'),
(2, 'LE002'),
(3, 'LE003'),
(4, 'LE004'),
(5, 'LE005'),
(6, 'LE006'),
(7, 'LE007'),
(8, 'LE009'),
(9, 'LE010'),
(10, 'LE011'),
(11, 'LE012'),
(12, 'LE013'),
(13, 'LE014'),
(14, 'LE015'),
(15, 'LE016'),
(16, 'LE017'),
(17, 'LE018'),
(18, 'LE019'),
(19, 'LE020'),
(20, 'LE021'),
(21, 'LE022'),
(22, 'LE022-A'),
(23, 'LE023'),
(24, 'LE024'),
(25, 'LE025'),
(26, 'LE026'),
(27, 'LE026-A'),
(28, 'LE027'),
(29, 'LE027-A'),
(30, 'LE028'),
(31, 'LE028-A'),
(32, 'LE029'),
(33, 'LE030'),
(34, 'LE031'),
(35, 'LE032'),
(36, 'LE032-A'),
(37, 'LE033'),
(38, 'LE034'),
(39, 'LE035'),
(40, 'LE036'),
(41, 'LE037'),
(42, 'LE038'),
(43, 'LE039'),
(44, 'LE040'),
(45, 'LE041'),
(46, 'LE042'),
(47, 'LE043'),
(48, 'LE044'),
(49, 'LE045'),
(50, 'LE046'),
(51, 'LE047'),
(52, 'LE048'),
(53, 'LE049'),
(54, 'LE050'),
(55, 'LE052'),
(56, 'LE053'),
(57, 'LE054'),
(58, 'LE055'),
(59, 'LE056'),
(60, 'LE057'),
(61, 'LE058'),
(62, 'LE059'),
(63, 'LE066'),
(64, 'LE067'),
(65, 'LE071'),
(66, 'LE073'),
(67, 'LE074'),
(68, 'LE076'),
(69, 'LE085'),
(70, 'LE087'),
(71, 'LE088'),
(72, 'LE088-A'),
(73, 'LE089'),
(74, 'LE092'),
(75, 'LE094'),
(76, 'LE095'),
(77, 'LE102'),
(78, 'LE104'),
(79, 'LE105'),
(80, 'LE106'),
(81, 'LE107'),
(82, 'LE113'),
(83, 'LE114'),
(84, 'LE115'),
(85, 'LE116'),
(86, 'LE117'),
(87, 'LE118'),
(88, 'LE119'),
(89, 'LE120'),
(90, 'LE121'),
(91, 'LE122'),
(92, 'LE123'),
(93, 'LE124'),
(94, 'LE125'),
(95, 'LE126'),
(96, 'LE127'),
(97, 'LE128'),
(98, 'LE129'),
(99, 'LE130'),
(100, 'LE131'),
(101, 'LE132'),
(102, 'LE133'),
(103, 'LE134'),
(104, 'LE135'),
(105, 'LE136'),
(106, 'LE137'),
(107, 'LE138'),
(108, 'LE139'),
(109, 'LE140'),
(110, 'LE141'),
(111, 'LE142'),
(112, 'LE143'),
(113, 'LE144'),
(114, 'LE145'),
(115, 'LE146'),
(116, 'LE147'),
(117, 'LE149'),
(118, 'LE150'),
(119, 'LE151'),
(120, 'LE152'),
(121, 'LE153'),
(122, 'LE154'),
(123, 'LE155'),
(124, 'LE156'),
(125, 'LE157'),
(126, 'LE158'),
(127, 'LE159'),
(128, 'LE160'),
(129, 'LE161'),
(130, 'LE162'),
(131, 'LE163'),
(132, 'LE164'),
(133, 'LE165'),
(134, 'LE166'),
(135, 'LE166-A'),
(136, 'LE167'),
(137, 'LE168'),
(138, 'LE169'),
(139, 'LE170'),
(140, 'LE171'),
(141, 'LE172'),
(142, 'LE173'),
(143, 'LE175'),
(144, 'LE176'),
(145, 'LE177'),
(146, 'LE178'),
(147, 'LE179'),
(148, 'LE180'),
(149, 'LE180-A'),
(150, 'LE181'),
(151, 'LE182'),
(152, 'LE183'),
(153, 'LE184'),
(154, 'LE185'),
(155, 'LE186'),
(156, 'LE187'),
(157, 'LE188'),
(158, 'LE189'),
(159, 'LE190'),
(160, 'LE191'),
(161, 'LE192'),
(162, 'LE193'),
(163, 'LE194'),
(164, 'LE195'),
(165, 'LE196'),
(166, 'LE196-A'),
(167, 'LE197'),
(168, 'LE198'),
(169, 'LE199'),
(170, 'LE200'),
(171, 'LE201'),
(172, 'LE202'),
(173, 'LE203'),
(174, 'LE204'),
(175, 'LE205'),
(176, 'LE206'),
(177, 'LE207'),
(178, 'LE208'),
(179, 'LE209'),
(180, 'LE210'),
(181, 'LE211'),
(182, 'LE212'),
(183, 'LE213'),
(184, 'LE214'),
(185, 'LE215'),
(186, 'LE216'),
(187, 'LE217'),
(188, 'LE218'),
(189, 'LE219'),
(190, 'LE220'),
(191, 'LE221'),
(192, 'LE222'),
(193, 'LE223'),
(194, 'LE224'),
(195, 'LE225'),
(196, 'LE226'),
(197, 'LE227'),
(198, 'LE228'),
(199, 'LE229'),
(200, 'LE230'),
(201, 'LE231'),
(202, 'LE232'),
(203, 'LE233'),
(204, 'LE234'),
(205, 'LE235'),
(206, 'LE236'),
(207, 'LE237'),
(208, 'LE238'),
(209, 'LE239'),
(210, 'LE240'),
(211, 'LE241'),
(212, 'LE242'),
(213, 'LE243'),
(214, 'LE244'),
(215, 'LE245'),
(216, 'LE246'),
(217, 'LE247'),
(218, 'LE248'),
(219, 'LE249'),
(220, 'LE250'),
(221, 'LE251'),
(222, 'LE252'),
(223, 'LE253'),
(224, 'LE254'),
(225, 'LE255'),
(226, 'LE256'),
(227, 'LE257'),
(228, 'LE258'),
(229, 'LE259'),
(230, 'LE260'),
(231, 'LE261'),
(232, 'LE262'),
(233, 'LE263'),
(234, 'LE264'),
(235, 'LE265'),
(236, 'LE266'),
(237, 'LE267'),
(238, 'LE268'),
(239, 'LE269'),
(240, 'LE270'),
(241, 'LE271'),
(242, 'LE272'),
(243, 'LE273'),
(244, 'LE274'),
(245, 'LE275'),
(246, 'LE276'),
(247, 'LE277'),
(248, 'LE277-A'),
(249, 'LE278'),
(250, 'LE279'),
(251, 'LE280'),
(252, 'LE281'),
(253, 'LE282'),
(254, 'LE283'),
(255, 'LE284'),
(256, 'LE285'),
(257, 'LE286'),
(258, 'LE287'),
(259, 'LE288'),
(260, 'LE289'),
(261, 'LE290'),
(262, 'LE291'),
(263, 'LE292'),
(264, 'LE293'),
(265, 'LE294'),
(266, 'LE295'),
(267, 'LE296'),
(268, 'LE297'),
(269, 'LE298'),
(270, 'LE298-A'),
(271, 'LE298-B'),
(272, 'LE298-C'),
(273, 'LE299'),
(274, 'LE300'),
(275, 'LE301'),
(276, 'LE302'),
(277, 'LE303'),
(278, 'LE304'),
(279, 'LE305'),
(280, 'LE306'),
(281, 'LE307'),
(282, 'LE308'),
(283, 'LE309'),
(284, 'LE310'),
(285, 'LE311'),
(286, 'LE312'),
(287, 'LE313'),
(288, 'LE314'),
(289, 'LE315'),
(290, 'LE317'),
(291, 'LE320'),
(292, 'LE323'),
(293, 'LE324'),
(294, 'LE325'),
(295, 'LE326'),
(296, 'LE327'),
(297, 'LE328'),
(298, 'LE329'),
(299, 'LE330'),
(300, 'LE331'),
(301, 'LE332'),
(302, 'LE333'),
(303, 'LE334'),
(304, 'LE335'),
(305, 'LE336'),
(306, 'LE337'),
(307, 'LE338'),
(308, 'LE339'),
(309, 'LE340'),
(310, 'LE341'),
(311, 'LE342'),
(312, 'LE343'),
(313, 'LE344'),
(314, 'LE345'),
(315, 'LE346'),
(316, 'LE347'),
(317, 'LE348'),
(318, 'LE349'),
(319, 'LE350'),
(320, 'LE351'),
(321, 'LE352'),
(322, 'LE353'),
(323, 'LE354'),
(324, 'LE355'),
(325, 'LE356'),
(326, 'LE357'),
(327, 'LE358'),
(328, 'LE359'),
(329, 'LE360'),
(330, 'LE361'),
(331, 'LE362'),
(332, 'LE363'),
(333, 'LE364'),
(334, 'LE365'),
(335, 'LE366'),
(336, 'LE367'),
(337, 'LE368'),
(338, 'LE369'),
(339, 'LE369-A'),
(340, 'LE370'),
(341, 'LE371'),
(342, 'LE372'),
(343, 'LE373'),
(344, 'LE373-A'),
(345, 'LE374'),
(346, 'LE375'),
(347, 'LE376'),
(348, 'LE377'),
(349, 'LE378'),
(350, 'LE378-A'),
(351, 'LE378-B'),
(352, 'LE378-C'),
(353, 'LE378-D'),
(354, 'LE379'),
(355, 'LE379-A'),
(356, 'LE380'),
(357, 'LE381'),
(358, 'LE381-A'),
(359, 'LE381-B'),
(360, 'LE381-C'),
(361, 'LE382'),
(362, 'LE383'),
(363, 'LE384'),
(364, 'LE384-A'),
(365, 'LE385'),
(366, 'LE385-A'),
(367, 'LE386'),
(368, 'LE386-A'),
(369, 'LE386-B'),
(370, 'LE386-C'),
(371, 'LE386-D'),
(372, 'LE386-E'),
(373, 'LE387'),
(374, 'LE388'),
(375, 'LE389'),
(376, 'LE389-A'),
(377, 'LE389-B'),
(378, 'LE389-C'),
(379, 'LE389-D'),
(380, 'LE389-E'),
(381, 'LE390'),
(382, 'LE391'),
(383, 'LE391-A'),
(384, 'LE391-B'),
(385, 'LE392'),
(386, 'LE393'),
(387, 'LE394'),
(388, 'LE394-A'),
(389, 'LE395'),
(390, 'LE395-A'),
(391, 'LE396'),
(392, 'LE396-A'),
(393, 'LE396-B'),
(394, 'LE397'),
(395, 'LE397-A'),
(396, 'LE398'),
(397, 'LE399'),
(398, 'LE399-A'),
(399, 'LE399-B'),
(400, 'LE399-C'),
(401, 'LE399-D'),
(402, 'LE399-E'),
(403, 'LE400'),
(404, 'LE400-A'),
(405, 'LE401'),
(406, 'LE402'),
(407, 'LE403'),
(408, 'LE404'),
(409, 'LE404-A'),
(410, 'LE404-B'),
(411, 'LE405'),
(412, 'LE406'),
(413, 'LE407'),
(414, 'LE408'),
(415, 'LE409'),
(416, 'LE410'),
(417, 'LE411'),
(418, 'LE412'),
(419, 'LE413'),
(420, 'LE414'),
(421, 'LE415'),
(422, 'LE416'),
(423, 'LE417'),
(424, 'LE418'),
(425, 'LE419'),
(426, 'LE420'),
(427, 'LE421'),
(428, 'LE422'),
(429, 'LE423'),
(430, 'LE424'),
(431, 'LE425'),
(432, 'LE426'),
(433, 'LE427'),
(434, 'LE428'),
(435, 'LE429'),
(436, 'LE431'),
(437, 'LE432'),
(438, 'LE433'),
(439, 'LE434'),
(440, 'LE435'),
(441, 'LE436'),
(442, 'LE437'),
(443, 'LE438'),
(444, 'LE439'),
(445, 'LE440'),
(446, 'LE441'),
(447, 'LE442'),
(448, 'LE443'),
(449, 'LE444'),
(450, 'LE445'),
(451, 'LE446'),
(452, 'LE447'),
(453, 'LE448'),
(454, 'LE449'),
(455, 'LE450'),
(456, 'LE451'),
(457, 'LE452'),
(458, 'LE453'),
(459, 'LE454'),
(460, 'LE455'),
(461, 'LE456'),
(462, 'LE457'),
(463, 'LE458'),
(464, 'LE459'),
(465, 'LE460'),
(466, 'LE461'),
(467, 'LE462'),
(468, 'LE463'),
(469, 'LE464'),
(470, 'LE465'),
(471, 'LE466'),
(472, 'LE467'),
(473, 'LE468'),
(474, 'LE469'),
(475, 'LE470'),
(476, 'LE471'),
(477, 'LE472'),
(478, 'LE473'),
(479, 'LE474'),
(480, 'LE475'),
(481, 'LE476'),
(482, 'LE477'),
(483, 'LE478'),
(484, 'LE479'),
(485, 'LE480'),
(486, 'LE481'),
(487, 'LE482'),
(488, 'LE483'),
(489, 'LE484'),
(490, 'LE485'),
(491, 'LE486'),
(492, 'LE487'),
(493, 'LE488'),
(494, 'LE489'),
(495, 'LE490'),
(496, 'LE491'),
(497, 'LE492'),
(498, 'LE493'),
(499, 'LE494'),
(500, 'LE495'),
(501, 'LE496'),
(502, 'LE497'),
(503, 'LE498'),
(504, 'LE499'),
(505, 'LE500'),
(506, 'LE501'),
(507, 'LE502'),
(508, 'LE503'),
(509, 'LE504'),
(510, 'LE505'),
(511, 'LE506'),
(512, 'LE507'),
(513, 'LE508'),
(514, 'LE509'),
(515, 'LE510'),
(516, 'LE511'),
(517, 'LE512'),
(518, 'LE513'),
(519, 'LE514'),
(520, 'LE515'),
(521, 'LE516'),
(522, 'LE517'),
(523, 'LE518'),
(524, 'LE519'),
(525, 'LE520');

-- --------------------------------------------------------

--
-- Table structure for table `anthocyanin_colouration_of_leaf_veins`
--

CREATE TABLE `anthocyanin_colouration_of_leaf_veins` (
  `id_anthocyanin_colouration_of_leaf_veins` int(11) NOT NULL,
  `anthocyanin_colouration_of_leaf_veins` varchar(255) COLLATE utf32_unicode_ci NOT NULL
) ENGINE=InnoDB DEFAULT CHARSET=utf32 COLLATE=utf32_unicode_ci;

--
-- Dumping data for table `anthocyanin_colouration_of_leaf_veins`
--

INSERT INTO `anthocyanin_colouration_of_leaf_veins` (`id_anthocyanin_colouration_of_leaf_veins`, `anthocyanin_colouration_of_leaf_veins`) VALUES
(1, 'obscure vein'),
(2, 'normal');

-- --------------------------------------------------------

--
-- Table structure for table `blossom_end_scar_condition`
--

CREATE TABLE `blossom_end_scar_condition` (
  `id_blossom_end_scar_condition` int(11) NOT NULL,
  `blossom_end_scar_condition` varchar(255) COLLATE utf32_unicode_ci NOT NULL
) ENGINE=InnoDB DEFAULT CHARSET=utf32 COLLATE=utf32_unicode_ci;

--
-- Dumping data for table `blossom_end_scar_condition`
--

INSERT INTO `blossom_end_scar_condition` (`id_blossom_end_scar_condition`, `blossom_end_scar_condition`) VALUES
(1, 'closed'),
(2, 'both'),
(3, 'open');

-- --------------------------------------------------------

--
-- Table structure for table `colour_intensity_of_core`
--

CREATE TABLE `colour_intensity_of_core` (
  `id_colour_intensity_of_core` int(11) NOT NULL,
  `colour_intensity_of_core` varchar(255) COLLATE utf32_unicode_ci NOT NULL
) ENGINE=InnoDB DEFAULT CHARSET=utf32 COLLATE=utf32_unicode_ci;

--
-- Dumping data for table `colour_intensity_of_core`
--

INSERT INTO `colour_intensity_of_core` (`id_colour_intensity_of_core`, `colour_intensity_of_core`) VALUES
(1, 'light'),
(2, 'dark'),
(3, 'intermediate'),
(4, 'white'),
(5, 'green'),
(6, 'red');

-- --------------------------------------------------------

--
-- Table structure for table `corolla_blossom_type`
--

CREATE TABLE `corolla_blossom_type` (
  `id_corolla_blossom_type` int(11) NOT NULL,
  `corolla_blossom_type` varchar(255) COLLATE utf32_unicode_ci NOT NULL
) ENGINE=InnoDB DEFAULT CHARSET=utf32 COLLATE=utf32_unicode_ci;

--
-- Dumping data for table `corolla_blossom_type`
--

INSERT INTO `corolla_blossom_type` (`id_corolla_blossom_type`, `corolla_blossom_type`) VALUES
(1, 'open'),
(2, 'closed');

-- --------------------------------------------------------

--
-- Table structure for table `corolla_colour`
--

CREATE TABLE `corolla_colour` (
  `id_corolla_colour` int(11) NOT NULL,
  `corolla_colour` varchar(255) COLLATE utf32_unicode_ci NOT NULL
) ENGINE=InnoDB DEFAULT CHARSET=utf32 COLLATE=utf32_unicode_ci;

--
-- Dumping data for table `corolla_colour`
--

INSERT INTO `corolla_colour` (`id_corolla_colour`, `corolla_colour`) VALUES
(1, 'yellow'),
(2, 'white'),
(3, 'orange');

-- --------------------------------------------------------

--
-- Table structure for table `country`
--

CREATE TABLE `country` (
  `id_country` int(11) NOT NULL,
  `country` varchar(255) COLLATE utf32_unicode_ci NOT NULL,
  `latitude` varchar(255) COLLATE utf32_unicode_ci NOT NULL,
  `longitude` varchar(255) COLLATE utf32_unicode_ci NOT NULL
) ENGINE=InnoDB DEFAULT CHARSET=utf32 COLLATE=utf32_unicode_ci;

-- --------------------------------------------------------

--
-- Table structure for table `data_owner`
--

CREATE TABLE `data_owner` (
  `id_member` int(11) NOT NULL,
  `id_fact_tomato` int(11) NOT NULL,
  `accession_number` varchar(255) COLLATE utf8_unicode_ci DEFAULT NULL,
  `status_ow` enum('Public','UnPublic') COLLATE utf8_unicode_ci DEFAULT NULL
) ENGINE=InnoDB DEFAULT CHARSET=utf8 COLLATE=utf8_unicode_ci;

-- --------------------------------------------------------

--
-- Table structure for table `data_shared`
--

CREATE TABLE `data_shared` (
  `id_fact_tomato` int(11) NOT NULL,
  `id_member_owner` int(11) NOT NULL,
  `id_member_shared` int(11) NOT NULL,
  `accession_number` varchar(255) COLLATE utf8_unicode_ci DEFAULT NULL,
  `date_shared` date DEFAULT NULL,
  `status_sh` enum('shared','Unshared') COLLATE utf8_unicode_ci DEFAULT NULL
) ENGINE=InnoDB DEFAULT CHARSET=utf8 COLLATE=utf8_unicode_ci;

-- --------------------------------------------------------

--
-- Table structure for table `degree_of_leaf_dissection`
--

CREATE TABLE `degree_of_leaf_dissection` (
  `id_degree_of_leaf_dissection` int(11) NOT NULL,
  `degree_of_leaf_dissection` varchar(255) COLLATE utf32_unicode_ci NOT NULL
) ENGINE=InnoDB DEFAULT CHARSET=utf32 COLLATE=utf32_unicode_ci;

--
-- Dumping data for table `degree_of_leaf_dissection`
--

INSERT INTO `degree_of_leaf_dissection` (`id_degree_of_leaf_dissection`, `degree_of_leaf_dissection`) VALUES
(1, 'intermediate'),
(2, 'high'),
(3, 'horizontal');

-- --------------------------------------------------------

--
-- Table structure for table `dehiscence`
--

CREATE TABLE `dehiscence` (
  `id_dehiscence` int(11) NOT NULL,
  `dehiscence` varchar(255) COLLATE utf32_unicode_ci NOT NULL
) ENGINE=InnoDB DEFAULT CHARSET=utf32 COLLATE=utf32_unicode_ci;

--
-- Dumping data for table `dehiscence`
--

INSERT INTO `dehiscence` (`id_dehiscence`, `dehiscence`) VALUES
(1, 'longitudinal'),
(2, 'poricidal');

-- --------------------------------------------------------

--
-- Table structure for table `district`
--

CREATE TABLE `district` (
  `id_district` int(11) NOT NULL,
  `district` varchar(255) COLLATE utf32_unicode_ci NOT NULL,
  `latitude` varchar(255) COLLATE utf32_unicode_ci NOT NULL,
  `longitude` varchar(255) COLLATE utf32_unicode_ci NOT NULL
) ENGINE=InnoDB DEFAULT CHARSET=utf32 COLLATE=utf32_unicode_ci;

-- --------------------------------------------------------

--
-- Table structure for table `easiness_of_fruit_to_detach_from_pedicel`
--

CREATE TABLE `easiness_of_fruit_to_detach_from_pedicel` (
  `id_easiness_of_fruit_to_detach_from_pedicel` int(11) NOT NULL,
  `easiness_of_fruit_to_detach_from_pedicel` varchar(255) COLLATE utf32_unicode_ci NOT NULL
) ENGINE=InnoDB DEFAULT CHARSET=utf32 COLLATE=utf32_unicode_ci;

--
-- Dumping data for table `easiness_of_fruit_to_detach_from_pedicel`
--

INSERT INTO `easiness_of_fruit_to_detach_from_pedicel` (`id_easiness_of_fruit_to_detach_from_pedicel`, `easiness_of_fruit_to_detach_from_pedicel`) VALUES
(1, 'intermediate'),
(2, 'easy'),
(3, 'difficult');

-- --------------------------------------------------------

--
-- Table structure for table `easiness_of_fruit_wall_skin_to_be_peeled`
--

CREATE TABLE `easiness_of_fruit_wall_skin_to_be_peeled` (
  `id_easiness_of_fruit_wall_skin_to_be_peeled` int(11) NOT NULL,
  `easiness_of_fruit_wall_skin_to_be_peeled` varchar(255) COLLATE utf32_unicode_ci NOT NULL
) ENGINE=InnoDB DEFAULT CHARSET=utf32 COLLATE=utf32_unicode_ci;

--
-- Dumping data for table `easiness_of_fruit_wall_skin_to_be_peeled`
--

INSERT INTO `easiness_of_fruit_wall_skin_to_be_peeled` (`id_easiness_of_fruit_wall_skin_to_be_peeled`, `easiness_of_fruit_wall_skin_to_be_peeled`) VALUES
(1, 'difficult'),
(2, 'intermediate'),
(3, 'easy'),
(4, 'fair'),
(5, 'good'),
(6, 'poor');

-- --------------------------------------------------------

--
-- Table structure for table `exterior_colour_of_immature_fruit`
--

CREATE TABLE `exterior_colour_of_immature_fruit` (
  `id_exterior_colour_of_immature_fruit` int(11) NOT NULL,
  `exterior_colour_of_immature_fruit` varchar(255) COLLATE utf32_unicode_ci NOT NULL
) ENGINE=InnoDB DEFAULT CHARSET=utf32 COLLATE=utf32_unicode_ci;

--
-- Dumping data for table `exterior_colour_of_immature_fruit`
--

INSERT INTO `exterior_colour_of_immature_fruit` (`id_exterior_colour_of_immature_fruit`, `exterior_colour_of_immature_fruit`) VALUES
(1, 'light green'),
(2, 'green'),
(3, 'dark green'),
(4, 'greenish white'),
(5, 'very dark green');

-- --------------------------------------------------------

--
-- Table structure for table `exterior_colour_of_mature_fruit`
--

CREATE TABLE `exterior_colour_of_mature_fruit` (
  `id_exterior_colour_of_mature_fruit` int(11) NOT NULL,
  `exterior_colour_of_mature_fruit` varchar(255) COLLATE utf32_unicode_ci NOT NULL
) ENGINE=InnoDB DEFAULT CHARSET=utf32 COLLATE=utf32_unicode_ci;

--
-- Dumping data for table `exterior_colour_of_mature_fruit`
--

INSERT INTO `exterior_colour_of_mature_fruit` (`id_exterior_colour_of_mature_fruit`, `exterior_colour_of_mature_fruit`) VALUES
(1, 'red'),
(2, 'pink'),
(3, 'orange red'),
(4, 'orange'),
(5, 'yellow'),
(6, 'green');

-- --------------------------------------------------------

--
-- Table structure for table `fact_tomato`
--

CREATE TABLE `fact_tomato` (
  `id_fact_tomato` int(11) NOT NULL,
  `id_accession_number` int(11) DEFAULT NULL,
  `id_seeding` int(11) DEFAULT NULL,
  `primary_leaf_length_mm` float DEFAULT NULL,
  `primary_leaf_width_mm` float DEFAULT NULL,
  `id_plant` int(11) DEFAULT NULL,
  `vine_length_cm` float DEFAULT NULL,
  `id_flower` int(11) DEFAULT NULL,
  `petal_length_cm` float DEFAULT NULL,
  `sepal_length_cm` float DEFAULT NULL,
  `stamen_length_cm` float DEFAULT NULL,
  `id_fruit` int(11) DEFAULT NULL,
  `fruit_weight_g` float DEFAULT NULL,
  `fruit_length_mm` float DEFAULT NULL,
  `fruit_width_mm` float DEFAULT NULL,
  `pedicel_length_mm` float DEFAULT NULL,
  `pedicel_length_from_abscission_layer` float DEFAULT NULL,
  `width_of_pedicel_scar_mm` float DEFAULT NULL,
  `size_of_corky_area_around_pedicel_scar_cm` float DEFAULT NULL,
  `thickness_of_fruit_wall_skin_mm` float DEFAULT NULL,
  `thickness_of_pericarp_mm` float DEFAULT NULL,
  `size_of_score_mm` float DEFAULT NULL,
  `number_of_locules` float DEFAULT NULL,
  `id_seed` int(11) DEFAULT NULL,
  `1000_seed_weight_g` float DEFAULT NULL,
  `id_photo` int(11) DEFAULT NULL
) ENGINE=InnoDB DEFAULT CHARSET=utf32 COLLATE=utf32_unicode_ci;

--
-- Dumping data for table `fact_tomato`
--

INSERT INTO `fact_tomato` (`id_fact_tomato`, `id_accession_number`, `id_seeding`, `primary_leaf_length_mm`, `primary_leaf_width_mm`, `id_plant`, `vine_length_cm`, `id_flower`, `petal_length_cm`, `sepal_length_cm`, `stamen_length_cm`, `id_fruit`, `fruit_weight_g`, `fruit_length_mm`, `fruit_width_mm`, `pedicel_length_mm`, `pedicel_length_from_abscission_layer`, `width_of_pedicel_scar_mm`, `size_of_corky_area_around_pedicel_scar_cm`, `thickness_of_fruit_wall_skin_mm`, `thickness_of_pericarp_mm`, `size_of_score_mm`, `number_of_locules`, `id_seed`, `1000_seed_weight_g`, `id_photo`) VALUES
(1, 1, 1, 21, 13, 1, 0, 1, 1.1, 0.7, 0.72, 1, 21.61, 3.45, 3.15, 0.73, 0.5, 0, 0.28, 0.36, 4.33333, 0.28, 2, 1, 0, NULL),
(2, 2, 1, 18.2, 9.4, 2, 0, 2, 1.02, 0.62, 0.76, 2, 4.75, 2.04, 2.04, 0.54, 0.433333, 0, 0.26, 0.17, 1.46667, 0.26, 2, 1, 0, NULL),
(3, 3, 2, 20.2, 10.6, 3, 161, 3, 1.12, 0.74, 0.72, 3, 8.44, 1.95, 2.1, 0.79, 0.533333, 0, 0.34, 0.18, 3.2, 0.34, 2, 1, 0, NULL),
(4, 4, 2, 18, 0.6, 2, 0, 2, 1.02, 0.72, 0.64, 4, 5.53, 2.09, 2.01, 0.76, 0.766667, 0, 0.24, 0.15, 2.36667, 0.24, 2, 1, 0, NULL),
(5, 5, 2, 17.4, 0.6, 4, 0, 2, 1.04, 0.62, 0.78, 5, 5.67, 1.95, 2.09, 0.6, 0.733333, 0, 0.2, 0.21, 1.03333, 0.2, 2, 1, 0, NULL),
(6, 6, 2, 23, 13.6, 5, 0, 2, 1.06, 0.66, 0.7, 6, 18.45, 3.36, 3.09, 0.7, 0.566667, 0, 0.36, 0.35, 3.73333, 0.36, 2, 1, 0, NULL),
(7, 7, 2, 21.2, 12.4, 2, 0, 1, 1.02, 0.56, 0.68, 7, 3.03, 1.74, 1.7, 0.72, 0.366667, 0, 0.2, 1.12, 1.26667, 0.2, 2, 1, 0, NULL),
(8, 8, 2, 17.2, 9, 3, 0, 4, 1.32, 0.76, 0.78, 8, 10.87, 2.4, 2.81, 0.63, 0.4, 0, 0.33, 0.22, 2.46, 0.33, 3, 1, 0, NULL),
(9, 9, 3, 16.2, 8.6, 2, 0, 4, 1.04, 0.7, 0.84, 9, 6.38, 1.98, 2.02, 0.61, 0.5, 0, 0.21, 0.15, 1.6, 0.21, 2, 1, 0, NULL),
(10, 10, 2, 25, 22.4, 9, 0, 2, 0.78, 1.08, 0.68, 10, 23.4, 2.96, 3.46, 0.46, 0.36, 0, 0.324, 3.28, 1.07, 3.24, 4, 1, 0, NULL),
(11, 11, 1, 13.8, 8, 4, 0, 1, 0.92, 0.5, 0.66, 11, 4.36, 1.76, 1.99, 0.63, 0.466667, 0, 0.23, 0.13, 1.43333, 0.23, 2, 1, 0, NULL),
(12, 12, 1, 16.4, 9.2, 5, 0, 3, 0.98, 0.65, 0.72, 12, 10.28, 2.19, 2.42, 0.72, 0.566667, 0, 0.31, 0.19, 1.43333, 0.31, 3, 1, 0, NULL),
(13, 13, 3, 16.2, 7.4, 5, 0, 2, 1.1, 0.62, 0.66, 13, 5.9, 2.17, 2.01, 0.66, 0.533333, 0, 0.28, 0.15, 0, 0.28, 2, 1, 0, NULL),
(14, 14, 2, 26.6, 17.6, 1, 0, 2, 0.84, 1.2, 0.66, 14, 31, 4.46, 3.58, 0.8, 0.4, 0, 0.254, 0.45, 1, 2.54, 2, 1, 0, NULL),
(15, 15, 2, 22, 13.2, 5, 0, 5, 1.22, 0.84, 0.8, 15, 5.44, 1.77, 2, 1.06, 0.666667, 0, 0.28, 0.18, 2.53333, 0.28, 2, 1, 0, NULL),
(16, 16, 2, 23.4, 13.2, 15, 0, 6, 1.16, 0.74, 0.8, 16, 40.15, 5.04, 3.66, 0.79, 0.6, 0, 0.35, 0.52, 0.573333, 0.35, 2, 1, 0, NULL),
(17, 17, 2, 28.8, 21.6, 16, 160.667, 2, 0.8, 1.34, 0.76, 17, 47.8, 4.98, 4.22, 0.58, 0.61, 0, 0.32, 5.18, 1, 3.2, 2, 1, 0, NULL),
(18, 18, 2, 17.4, 12.2, 5, 0, 2, 0.98, 0.94, 0.86, 18, 6.96, 2.02, 1.93, 0.88, 0.766667, 0, 0.29, 0.23, 1.9, 0.29, 2, 1, 0, NULL),
(19, 19, 2, 15.6, 11.6, 5, 0, 2, 1.18, 0.94, 0.76, 19, 9.82, 2.25, 2.48, 0.79, 0.5, 0, 0.31, 0.21, 2.5, 0.31, 2, 1, 0, NULL),
(20, 20, 2, 21.8, 12.2, 5, 0, 2, 1.08, 0.7, 0.7, 20, 6.99, 1.97, 2.05, 0.66, 0.5, 0, 0.29, 0.21, 1.8, 0.29, 2, 1, 0, NULL),
(21, 21, 2, 20.8, 10.4, 2, 0, 2, 1.1, 0.94, 0.72, 21, 7.51, 2.29, 2.4, 0.67, 0.5, 0, 0.36, 0.15, 1.63333, 0.36, 2, 1, 0, NULL),
(22, 22, 3, 20.8, 7.3, 21, 0, 7, 1.1, 0.94, 0.72, 22, 15.77, 2.8, 3.06, 0.8, 0.633333, 0, 0.48, 0.25, 0, 0.48, 2, 2, 0, NULL),
(23, 23, 2, 10.4, 9.8, 2, 0, 2, 0.98, 0.66, 0.66, 23, 5.33, 1.77, 1.82, 0.77, 0.7, 0, 0.26, 0.19, 1.6, 0.26, 2, 1, 0, NULL),
(24, 24, 2, 26.8, 17.2, 23, 0, 2, 0.86, 1.46, 0.68, 24, 87.2, 5.52, 5.34, 0.58, 1.442, 0, 0.43, 5, 1, 4.34, 3, 1, 0, NULL),
(25, 25, 2, 29.2, 23.6, 16, 0, 2, 0.92, 1.3, 0.72, 25, 24.6, 4.38, 3.6, 0.8, 0.476, 0, 0.246, 3.7, 0.88, 2.46, 2, 1, 0, NULL),
(26, 26, 2, 13, 7.2, 5, 0, 8, 0.86, 0.62, 0.62, 26, 23.67, 2.65, 4.72, 0.91, 0.366667, 0, 0.76, 0.29, 3.06667, 0.76, 5, 1, 0, NULL),
(27, 27, 4, 22.1, 6.4, 26, 0, 9, 0.86, 0.62, 0.62, 27, 19.45, 2.75, 3.18, 0.77, 0.7, 0, 0.48, 0.29, 0, 0.48, 2, 2, 0, NULL),
(28, 28, 2, 21.8, 9.4, 2, 0, 2, 1.14, 0.72, 0.72, 28, 18.57, 3.57, 2.74, 0.85, 0.533333, 0, 0.26, 0.4, 4.5, 0.26, 2, 2, 0, NULL),
(29, 29, 3, 20.8, 6.5, 21, 0, 7, 1.14, 0.72, 0.72, 29, 37.25, 2.9, 5, 0.85, 0.533333, 0, 1.04, 0.21, 0, 1.04, 6, 2, 0, NULL),
(30, 30, 2, 23, 14.2, 2, 0, 2, 1.14, 0.76, 0.74, 30, 17.68, 2.62, 3.13, 0.82, 0.566667, 0, 0.75, 0.38, 2.93333, 0.75, 4, 2, 0, NULL),
(31, 31, 2, 23, 14.2, 2, 0, 2, 1.14, 0.76, 0.74, 31, 33.91, 2.62, 4.39, 0.82, 0.533333, 0, 0.89, 0.26, 2.2, 0.89, 8, 2, 0, NULL),
(32, 32, 2, 28, 15.4, 30, 0, 1, 1.34, 0.84, 0.82, 32, 68.71, 4.17, 5.66, 0.99, 0.533333, 0, 1.42, 0.58, 4.86667, 1.42, 3, 2, 0, NULL),
(33, 33, 2, 27.8, 13.6, 2, 0, 2, 1.24, 0.82, 0.76, 33, 27.08, 3.9, 3.48, 0.89, 0.533333, 0, 0.25, 0.46, 4.96667, 0.25, 2, 2, 0, NULL),
(34, 34, 2, 23.8, 10.4, 2, 167.33, 2, 1.06, 0.6, 0.66, 34, 5.84, 2.14, 2.16, 0.64, 0.566667, 0, 0.24, 0.17, 2, 0.24, 2, 2, 0, NULL),
(35, 35, 2, 50.6, 12.6, 3, 0, 1, 1.38, 0.82, 0.84, 35, 18.91, 2.94, 3.04, 0.6, 0.6, 0, 0.2, 0.38, 5.8, 0.2, 2, 2, 0, NULL),
(36, 36, 5, 23.2, 7.4, 2, 0, 10, 1.38, 0.82, 0.84, 36, 23.41, 3.52, 2.82, 0.71, 0.833333, 0, 0.25, 0.35, 0, 0.25, 2, 2, 0, NULL),
(37, 37, 2, 23.2, 12, 3, 0, 2, 1.06, 0.76, 0.7, 37, 30.34, 4.27, 3.31, 0.81, 0.533333, 0, 0.35, 0.59, 4.4, 0.35, 2, 2, 0, NULL),
(38, 38, 2, 19.2, 8.4, 2, 0, 2, 0.94, 0.5, 0.8, 38, 5.51, 1.84, 1.89, 0.7, 0.866667, 0, 0.29, 0.21, 4.73333, 0.29, 2, 2, 0, NULL),
(39, 39, 2, 22.4, 10.2, 37, 0, 2, 1.08, 0.88, 0.8, 39, 34.26, 3.64, 3.82, 1.05, 0.666667, 0, 0.52, 0.52, 5.1, 0.52, 2, 2, 0, NULL),
(40, 40, 2, 22.4, 12.8, 5, 0, 3, 0.96, 0.92, 0.8, 40, 27.54, 3.74, 3.49, 0.8, 0.566667, 0, 0.49, 0.49, 3.13333, 0.49, 2, 2, 0, NULL),
(41, 41, 2, 20.6, 10.2, 2, 0, 3, 0.85, 0.84, 0.8, 41, 6.53, 1.95, 2.14, 0.73, 0.633333, 0, 0.27, 0.14, 3.5, 0.27, 2, 2, 0, NULL),
(42, 42, 2, 21.4, 16, 39, 0, 2, 0.92, 0.54, 0.72, 42, 7.09, 2.09, 2.18, 0.74, 0.466667, 0, 0.34, 0.29, 1.8, 0.34, 2, 2, 0, NULL),
(43, 43, 1, 15.8, 8.6, 40, 0, 2, 1.25, 0.74, 0.74, 20, 5.8, 1.91, 1.89, 0.78, 0.633333, 0, 0.32, 1.68, 1.83333, 0.32, 2, 2, 0, NULL),
(44, 44, 5, 16.6, 9.6, 2, 0, 2, 1.1, 0.52, 0.8, 43, 4.59, 2.11, 2.04, 0.65, 0.533333, 0, 0.24, 0.18, 1.93333, 0.24, 2, 2, 0, NULL),
(45, 45, 2, 21.2, 28.6, 2, 0, 2, 1.02, 0.72, 0.74, 23, 2.59, 1.39, 1.54, 0.56, 0.466667, 0, 0.17, 0.18, 1.56667, 0.17, 2, 2, 0, NULL),
(46, 46, 2, 19.8, 13.2, 40, 0, 2, 0.94, 0.6, 0.72, 44, 3.39, 1.63, 1.66, 0.58, 0.566667, 0, 0.2, 0.16, 1.2, 0.2, 2, 2, 0, NULL),
(47, 47, 2, 17.2, 10.6, 44, 0, 2, 1.14, 0.72, 0.86, 45, 20.5, 3.9, 2.96, 1, 0.566667, 0, 0.27, 0.42, 4.13333, 0.27, 2, 2, 0, NULL),
(48, 48, 5, 18.4, 7.4, 45, 0, 11, 1.04, 1.72, 0.76, 46, 94.4, 6.4, 5.32, 0.94, 0.98, 0, 0.386, 7.62, 1.27, 3.86, 4, 2, 0, NULL),
(49, 49, 2, 16.4, 15.4, 5, 0, 2, 1.22, 0.76, 0.8, 47, 27.88, 4.27, 3.29, 0.85, 0.833333, 0, 0.25, 0.41, 5.86667, 0.25, 2, 2, 0, NULL),
(50, 50, 5, 16, 7.5, 47, 0, 12, 1.48, 1.1, 1.08, 48, 48.7, 4.74, 4.33, 0.99, 0, 0, 0.78, 0.66, 0, 0.78, 2, 2, 0, NULL),
(51, 51, 2, 21.6, 12.6, 2, 0, 2, 0.98, 0.66, 0.82, 49, 12.42, 3.32, 2.7, 0.79, 0.6, 0, 0.29, 0.41, 5, 0.29, 2, 2, 0, NULL),
(52, 52, 2, 28.8, 18, 2, 0, 2, 0.8, 1.12, 0.62, 50, 33.6, 4.32, 3.56, 0.88, 0.608, 0, 0.278, 5.06, 0.75, 2.78, 2, 2, 0, NULL),
(53, 53, 2, 14.4, 10.2, 2, 0, 2, 0.72, 1.08, 0.7, 51, 7, 2.26, 2.3, 0.56, 0.304, 0, 0.202, 1.78, 0.32, 2.02, 2, 2, 0, NULL),
(54, 54, 2, 9.4, 3.8, 2, 0, 2, 0.92, 0.86, 0.74, 52, 12.59, 2.61, 2.73, 0.67, 0.5, 0, 0.35, 0.21, 1.3, 0.35, 2, 2, 0, NULL),
(55, 55, 2, 21.2, 13.2, 2, 0, 2, 0.66, 1.14, 0.8, 53, 4.4, 0.98, 0.45, 0.79, 0.266, 0, 0.154, 0.12, 0.45, 1.54, 3, 2, 0, NULL),
(56, 56, 2, 19.1, 5.9, 53, 0, 13, 1, 0.82, 0.7, 54, 20, 3.72, 3.28, 0.7, 0.372, 0, 0, 0.506, 2.3, 4.1, 2, 2, 0, NULL),
(57, 57, 5, 19.7, 6, 54, 0, 13, 1.16, 1, 0.78, 55, 24.8, 3.86, 3.9, 0.75, 0.334, 0, 0, 0.366, 2.25, 2.41, 5, 2, 0, NULL),
(58, 58, 2, 11.2, 9, 55, 0, 8, 1.22, 1.28, 0.82, 56, 18, 2.98, 3.28, 1.1, 0.446, 0, 0, 0.562, 1.55, 4.65, 3, 2, 0, NULL),
(59, 59, 5, 19.1, 6.7, 56, 0, 13, 1.12, 0.7, 0.86, 57, 15.8, 4.62, 2.68, 0.65, 0.317, 0, 0, 0.292, 2.325, 2.63, 2.5, 2, 0, NULL),
(60, 60, 2, 14, 11, 57, 0, 13, 1.16, 0.68, 0.84, 58, 22.2, 2.9, 3.88, 0.65, 0.587, 0, 0, 0.76, 2.6, 3.3, 4.5, 2, 0, NULL),
(61, 61, 5, 23.37, 6.67, 58, 0, 14, 1.2, 0.96, 0.9, 59, 27.2, 3.76, 3.54, 0.95, 0.559, 0, 0, 0.702, 3.8, 2.6, 2, 2, 0, NULL),
(62, 62, 4, 17.57, 7.17, 54, 0, 15, 1.54, 1.4, 1.16, 60, 28.4, 3.62, 3.86, 1.05, 0, 0, 0, 0.522, 2.3, 3.5, 3, 2, 0, NULL),
(63, 63, 5, 19.97, 7.7, 54, 0, 13, 1.04, 0.88, 0.94, 61, 36.6, 3.82, 3.94, 0.9, 0.664, 0, 0, 0.528, 3.55, 2.7, 3, 2, 0, NULL),
(64, 64, 2, 11.4, 8.2, 59, 0, 13, 1.52, 1.2, 1.04, 62, 40.6, 4.72, 4.18, 1, 0.485, 0, 0, 0, 4, 3.3, 2, 2, 0, NULL),
(65, 65, 6, 20.97, 7.97, 60, 0, 12, 1.42, 0.96, 0.94, 63, 25.2, 3.84, 3.58, 1, 0.686, 0, 0, 0.59, 2.65, 3.15, 2, 2, 0, NULL),
(66, 66, 2, 17, 13, 61, 0, 16, 1.38, 1, 0.92, 64, 23.3333, 3.86667, 3.73333, 0.913333, 0.666667, 0, 0, 0, 4.73333, 0, 0, 2, 0, NULL),
(67, 67, 2, 13.2, 10.4, 62, 0, 14, 1.38, 0.9, 0.92, 65, 29.6, 3.82, 3.7, 0.9, 0.624, 0, 0, 0.524, 2.75, 3.2, 2, 2, 0, NULL),
(68, 68, 6, 22.67, 8.27, 63, 0, 17, 1.4, 1.26, 0.82, 66, 21.6, 4.24, 3.72, 1.1, 0.491, 0, 0, 0.402, 2.52, 2.74, 2.5, 2, 0, NULL),
(69, 69, 5, 20.7, 6.9, 64, 0, 12, 1.12, 0.7, 0.78, 67, 39.8, 4.06, 4.04, 0.65, 0.663, 0, 0, 0.59, 3.7, 3.7, 3, 2, 0, NULL),
(70, 70, 6, 18.3, 7.2, 65, 0, 18, 1.48, 1, 1.08, 68, 31.4, 4.14, 4.58, 0.6, 0.396, 0, 0, 0.396, 3.32, 3.25, 5.5, 2, 0, NULL),
(71, 71, 7, 18, 5.1, 66, 0, 19, 1.2, 0.78, 0, 69, 41.302, 43.95, 42.248, 6.11, 0.533333, 0, 0, 5.696, 4.86667, 0, 2, 3, 0.25, NULL),
(72, 72, 7, 19.3, 15.3, 67, 0, 2, 1.16667, 1.16667, 0, 70, 21.932, 33.352, 35.09, 6.004, 0.533333, 0, 0, 4.97, 4.96667, 0, 2, 4, 0.25, NULL),
(73, 73, 6, 19.33, 8.67, 65, 0, 12, 1.56, 1.06, 1.1, 71, 37, 4.98, 4.3, 1, 0.913, 0, 0, 0.666, 5.555, 4.475, 2, 2, 0, NULL),
(74, 74, 6, 19.9, 7.6, 21, 0, 17, 1.46, 1, 0.92, 72, 54.4, 3.96, 4.52, 0.75, 0.712, 0, 0, 0.768, 2.7, 2.35, 3, 2, 0, NULL),
(75, 75, 6, 25.4, 23.4, 68, 0, 2, 0.84, 1.48, 0.74, 73, 77.2, 4.78, 5.36, 0.52, 0.87, 0, 0, 4.86, 1.18, 4.4, 3, 2, 0, NULL),
(76, 76, 2, 16.6, 6.77, 69, 0, 11, 1.24, 0.76, 0.86, 74, 22.2, 3.4, 3.44, 0.65, 0.544, 0, 0, 0.4, 2.45, 2.77, 2, 2, 0, NULL),
(77, 77, 6, 19, 6.47, 21, 0, 12, 1.16, 0.82, 0.72, 75, 47.8, 3.94, 4.34, 0.5, 0.884, 0, 0, 0.652, 2.8, 3.7, 4, 2, 0, NULL),
(78, 78, 6, 25.13, 8.23, 70, 0, 20, 1.26, 0.94, 0.96, 76, 70, 5.1, 5, 1.15, 1.07, 0, 0, 0.68, 2.105, 4.085, 3.5, 2, 0, NULL),
(79, 79, 1, 24.47, 8.23, 45, 0, 21, 0, 0, 0, 77, 0, 0, 0, 0, 0, 0, 0, 0, 0, 0, 0, 2, 0, NULL),
(80, 80, 6, 18.13, 6.97, 71, 0, 22, 1.3, 0.96, 1.02, 78, 39.4, 4.66, 4.6, 0.65, 8.16, 0, 0, 0.338, 2.79, 2.42, 3, 2, 0, NULL),
(81, 81, 6, 20.9, 8.03, 72, 0, 23, 1.36, 1.06, 1.02, 79, 64.6, 4.92, 4.92, 1, 9.268, 0, 0, 0.676, 4.175, 2.25, 3, 2, 0, NULL),
(82, 82, 6, 18.93, 8.13, 64, 0, 22, 1.54, 1.04, 0.86, 80, 31.4, 4.46, 4.22, 0.6, 8.805, 0, 0, 0.79, 2.9, 3.05, 2, 2, 0, NULL),
(83, 83, 5, 18.83, 4.93, 21, 0, 21, 1.46, 1.2, 1.02, 81, 33, 5.575, 4.775, 0, 0, 0, 0, 0.53, 3.1, 4.3, 2, 2, 0, NULL),
(84, 84, 8, 15.4, 4.2, 73, 0, 22, 1.24, 1.06, 0.9, 82, 0, 5.5, 4.75, 0, 0, 0, 0, 0, 0, 0, 0, 2, 0, NULL),
(85, 85, 4, 14.2, 10.4, 74, 0, 24, 1.28, 0.82, 0.9, 83, 104.4, 5.04, 5.26, 1.1, 12.822, 0, 0, 0.56, 6.2, 3.15, 3, 2, 0, NULL),
(86, 86, 2, 23.4, 7.47, 75, 0, 25, 1, 1.74, 0.72, 84, 81.8, 5.52, 5.38, 1.16, 12.72, 0, 0, 6.69, 1.24, 4.48, 5, 2, 0, NULL),
(87, 87, 2, 16.8, 11, 76, 0, 14, 1.32, 0.92, 0.96, 85, 21.2, 3.94, 3.3, 0.65, 3.62, 0, 0, 0.538, 2.2, 2.55, 2, 2, 0, NULL),
(88, 88, 3, 18.83, 6.5, 64, 0, 22, 1.18, 0.94, 0.92, 86, 29.8, 4.4, 3.7, 0.7, 3.36, 0, 0, 0.518, 3.465, 2.32, 2, 2, 0, NULL),
(89, 89, 6, 19.33, 7, 77, 0, 22, 1.4, 0.92, 1, 87, 68.8, 4.34, 4.86, 0.8, 11.32, 0, 0, 0.946, 4.07, 3.48, 3, 2, 0, NULL),
(90, 90, 3, 21.4, 7.9, 78, 0, 21, 1.38, 1.1, 1.14, 88, 0, 3.83333, 4.5, 0, 0, 0, 0, 0, 0, 0, 0, 2, 0, NULL),
(91, 91, 6, 18.97, 7.13, 79, 0, 21, 1.36, 0.84, 0.92, 89, 29.6, 4.1, 4.2, 0.8, 8.54, 0, 0, 0.598, 4.19, 3.23, 2, 2, 0, NULL),
(92, 92, 2, 14.43, 5.07, 71, 0, 22, 1.34, 1.06, 0.78, 90, 31.2, 3.24, 4.08, 0.65, 8.08, 0, 0, 0.59, 3.47, 3.05, 3, 2, 0, NULL),
(93, 93, 9, 17.33, 6.9, 73, 0, 22, 1.16, 0.86, 0.8, 91, 23.6, 3.5, 3.58, 1, 7.82, 0, 0, 0.73, 3.605, 2.97, 3, 2, 0, NULL),
(94, 94, 6, 16.8, 7.17, 80, 0, 21, 1.42, 0.86, 0.98, 92, 34.6, 3.74, 4.46, 0.8, 10.9, 0, 0, 0.53, 3.78, 2.865, 4, 2, 0, NULL),
(95, 95, 6, 16.43, 7.73, 80, 0, 21, 1.66, 1.48, 1.14, 93, 37, 4.06, 4.06, 0.85, 10.28, 0, 0, 0.614, 3.56, 2.855, 2, 2, 0, NULL),
(96, 96, 6, 19.9, 8.4, 81, 0, 26, 1.44, 0.9, 0.96, 94, 28.8, 3.72, 3.64, 0.7, 6.16, 0, 0, 0.598, 3.325, 3.405, 3, 2, 0, NULL),
(97, 97, 6, 19.63, 8.03, 80, 0, 23, 1.42, 0.88, 1.08, 95, 37.8, 4.18, 4.46, 0.8, 9.74, 0, 0, 0.76, 4.59, 2.44, 3.5, 2, 0, NULL),
(98, 98, 6, 20.1, 6.83, 64, 0, 22, 1.62, 1.66, 1.12, 96, 52.2, 4.18, 5.18, 1.15, 11.22, 0, 0, 0.646, 3.85, 3.29, 3, 2, 0, NULL),
(99, 99, 5, 21.63, 6.57, 64, 0, 22, 1.5, 1.26, 0.96, 97, 75.4, 5.8, 5.225, 1.05, 10.8, 0, 0, 0.592, 4.53, 3.315, 4, 2, 0, NULL),
(100, 100, 4, 13.6, 10.6, 82, 0, 14, 1.38, 1.6, 0.96, 98, 24, 20.76, 4.36, 0.85, 8.726, 0, 0, 0.374, 2.545, 3.285, 4, 2, 0, NULL),
(101, 101, 3, 18.27, 6.67, 64, 0, 22, 1.3, 1.1, 0.96, 99, 35.6, 5.52, 4.52, 0.65, 6.74, 0, 0, 0.604, 5.975, 3.39, 2.5, 2, 0, NULL),
(102, 102, 2, 14.8, 11.8, 83, 0, 27, 0.76, 0.66, 0.82, 100, 14.8, 2.68, 2.98, 1.05, 6.06, 0, 0, 0.568, 1.9, 6.565, 3, 2, 0, NULL),
(103, 103, 2, 12.8, 8.8, 84, 0, 6, 1.6, 1.6, 1.12, 101, 96, 5.16, 5.26, 1.1, 15.44, 0, 0, 0.546, 4.645, 3.345, 5.5, 2, 0, NULL),
(104, 104, 10, 27.6, 7.93, 80, 0, 28, 1.54, 1.58, 0.96, 102, 61.2, 5.4, 6, 1.15, 11.28, 0, 0, 0.33, 4.98, 2.365, 4.5, 2, 0, NULL),
(105, 105, 2, 22, 8, 85, 0, 29, 1.44, 1.1, 0.6, 103, 58, 4.6, 4.36, 0.96, 0, 0, 0, 4.91, 0.71, 3.2, 2, 2, 0, NULL),
(106, 106, 5, 20, 5.97, 86, 0, 23, 1.5, 1.44, 1.02, 104, 68.2, 4.72, 5.12, 1.1, 9.5875, 0, 0, 0.56, 3.48, 2.65, 4, 2, 0, NULL),
(107, 107, 1, 13.4, 5.6, 87, 0, 19, 1.39, 1.82, 0, 105, 176.8, 63.638, 67.184, 10.866, 0, 0, 0, 7.404, 0, 0, 3.6, 5, 0.26, NULL),
(108, 108, 5, 15.67, 6.97, 80, 0, 28, 1.62, 1.48, 1.04, 106, 60.2, 4.42, 4.94, 0.95, 9.26, 0, 0, 0.568, 2.99, 2.555, 5, 2, 0, NULL),
(109, 109, 5, 13.6, 12.6, 88, 0, 19, 1.27, 1.68, 0, 107, 153.94, 58.606, 76.068, 8.58, 0, 0, 0, 6.784, 0, 0, 4.6, 6, 0.34, NULL),
(110, 110, 1, 23.7, 7.77, 89, 0, 19, 1.32, 1.89, 0, 108, 122, 54.132, 61.36, 10.052, 0, 0, 0, 6.088, 0, 0, 4, 7, 0.35, NULL),
(111, 111, 5, 25.37, 8.47, 64, 0, 30, 1.56, 1.78, 1, 109, 62.5, 4.6, 4.95, 0, 0, 0, 0, 0, 0, 0, 3, 2, 0, NULL),
(112, 112, 3, 11.3, 4.3, 90, 0, 31, 0, 0, 0, 110, 0, 0, 0, 0, 0, 0, 0, 0, 0, 0, 0, 2, 0, NULL),
(113, 113, 5, 19.9, 7.5, 64, 0, 21, 1.56, 2.38, 1.02, 111, 80, 5.08, 5.56, 1.5, 10.88, 0, 0, 0.46, 5.13, 2.155, 5, 2, 0, NULL),
(114, 114, 4, 11.4, 8.2, 91, 0, 16, 1.64, 1.16, 1.02, 112, 59.4, 4.44, 4.6, 1.3, 10.296, 0, 0, 0.63, 3.925, 1.95, 3.5, 2, 0, NULL),
(115, 115, 2, 11.4, 6.2, 92, 0, 6, 1.3, 1.06, 0.8, 113, 50.2, 4.36, 4.58, 0.75, 8.2425, 0, 0, 0.526, 4.02, 1.4, 2, 2, 0, NULL),
(116, 116, 2, 12, 6.6, 93, 0, 27, 1.36, 1.16, 1.04, 114, 59, 4.46, 5.26, 0.8, 9.28, 0, 0, 0.324, 3.78, 3.515, 4, 2, 0, NULL),
(117, 117, 6, 17.13, 7.47, 94, 0, 21, 1.86, 0.98, 1.1, 115, 72.2, 4.78, 5.44, 0.9, 13.13, 0, 0, 0.565, 5.025, 2.35, 4, 2, 0, NULL),
(118, 118, 6, 17.53, 7.33, 80, 0, 23, 1.38, 0.98, 0.94, 116, 35.6, 4.08, 4.08, 0.55, 6.926, 0, 0, 0.692, 3.93, 1.25, 2.5, 2, 0, NULL),
(119, 119, 4, 13.4, 10.2, 95, 0, 16, 1.5, 1.12, 1, 117, 50.6, 4.34, 4.5, 0.65, 8.41, 0, 0, 0.592, 3.97, 1.6, 4.5, 2, 0, NULL),
(120, 120, 6, 20.53, 7.73, 96, 0, 21, 1.46, 0.9, 0.96, 118, 67, 4.48, 5.12, 0.7, 9.106, 0, 0, 0.442, 4.4, 1.795, 4, 2, 0, NULL),
(121, 121, 6, 14.2, 6.6, 97, 0, 22, 1.6, 1.06, 1.04, 119, 49.2, 4.28, 4.64, 0.8, 11.034, 0, 0, 0.382, 4.42, 5.04, 3.5, 2, 0, NULL),
(122, 122, 2, 21.97, 9.07, 98, 0, 32, 1.66, 1.55, 0, 120, 183.2, 66.23, 71.486, 12.506, 0, 0, 0, 6.826, 0, 0, 5, 8, 0.29, NULL),
(123, 123, 2, 24.23, 7.37, 99, 0, 32, 1.33, 1.2, 0, 121, 69.13, 67.014, 43.042, 11.51, 0, 0, 0, 6.796, 0, 0, 3, 6, 0.27, NULL),
(124, 124, 5, 24.47, 8.07, 100, 0, 21, 1.54, 2.12, 1.1, 122, 0, 0, 0, 0, 0, 0, 0, 0, 0, 0, 0, 2, 0, NULL),
(125, 125, 5, 25.6, 9.1, 64, 0, 28, 1.64, 1.62, 1.08, 123, 97, 5.06, 5.98, 1.45, 13.524, 0, 0, 0.53, 2.935, 1.4, 5.5, 2, 0, NULL),
(126, 126, 5, 21.5, 7.7, 101, 0, 21, 1.38, 1.54, 0.9, 124, 79.8, 4.76, 5.6, 1, 10.5225, 0, 0, 0.615, 5.745, 1.65, 3, 2, 0, NULL),
(127, 127, 5, 25.73, 8.77, 73, 0, 21, 1.52, 1.38, 1, 125, 82.6, 5.1, 5.58, 1, 11.6725, 0, 0, 0.35, 3.195, 5.575, 4.5, 2, 0, NULL),
(128, 128, 3, 20.8, 8.4, 64, 0, 28, 1.34, 1.308, 0.84, 126, 0, 5.3, 8.25, 0, 0, 0, 0, 0, 0, 0, 0, 2, 0, NULL),
(129, 129, 1, 17.23, 7.4, 102, 0, 33, 1.28, 1.3, 0, 127, 111.066, 55.252, 60.764, 7.896, 0, 0, 0, 5.262, 0, 0, 3.4, 6, 0.39, NULL),
(130, 130, 2, 19.6, 12.4, 103, 0, 27, 1.44, 1.834, 1.04, 128, 0, 0, 0, 0, 0, 0, 0, 0, 0, 0, 0, 2, 0, NULL),
(131, 131, 1, 24.2, 13.6, 104, 0, 13, 1.44, 1.68, 1.06, 129, 0, 4.63333, 4.8, 0, 0, 0, 0, 0, 0, 0, 0, 2, 0, NULL),
(132, 132, 1, 14.6, 10, 105, 0, 19, 1.38, 1.67, 0, 130, 172.8, 60.836, 71.94, 10.646, 0, 0, 0, 5.716, 0, 0, 3.6, 8, 0.36, NULL),
(133, 133, 5, 23.2, 8.4, 73, 0, 21, 1.54, 1.44, 1.02, 131, 15, 3.2, 3.1, 0.8, 6.26, 0, 0, 0, 0, 0, 3, 2, 0, NULL),
(134, 134, 2, 19.2, 10.2, 106, 0, 19, 1.41, 1.28, 0, 132, 71.866, 57.69, 49.148, 9.14, 0, 0, 0, 6.31, 0, 0, 2.8, 7, 0.35, NULL),
(135, 135, 2, 23.3, 13.3, 57, 0, 2, 0, 0, 0, 133, 130.25, 67.6525, 59.56, 10.7667, 0, 0, 0, 7.20667, 0, 0, 3, 8, 0.46, NULL),
(136, 136, 5, 24.03, 8.5, 53, 0, 21, 1.56, 1.96, 1, 134, 0, 0, 0, 0, 0, 0, 0, 0, 0, 0, 0, 2, 0, NULL),
(137, 137, 5, 24.03, 8.76667, 64, 0, 22, 1.36, 1.4, 1, 135, 0, 0, 0, 0, 0, 0, 0, 0, 0, 0, 0, 2, 0, NULL),
(138, 138, 2, 19, 11.8, 84, 0, 13, 1.56, 1.84, 1.02, 136, 20, 2.88, 3.54, 0.65, 7.122, 0, 0, 0.35, 2.395, 3.735, 4, 2, 0, NULL),
(139, 139, 2, 22.13, 7.83, 108, 0, 32, 1.34, 1.17, 0, 137, 90.81, 62.582, 53.882, 7.296, 0, 0, 0, 6.918, 0, 0, 3, 6, 0.28, NULL),
(140, 140, 2, 23.8, 14.6, 109, 0, 14, 1.44, 1.72, 1.02, 138, 0, 0, 0, 0, 0, 0, 0, 0, 0, 0, 0, 2, 0, NULL),
(141, 141, 2, 22, 12.4, 110, 0, 14, 1.54, 1.18, 1.06, 139, 44, 4.38, 4.1, 1.05, 6.678, 0, 0, 0.326, 3.84, 5.12, 3.5, 2, 0, NULL),
(142, 142, 5, 17.13, 8.47, 111, 0, 22, 1.48, 1.31, 0.96, 140, 4, 2.1, 2, 0, 3.65, 0, 0, 0, 0, 0, 0, 2, 0, NULL),
(143, 143, 2, 20.03, 7.27, 64, 0, 21, 1.14, 0.94, 0.88, 141, 11.6, 3.28, 2.56, 0.85, 2.034, 0, 0, 0.264, 3.08, 2.08, 2.5, 2, 0, NULL),
(144, 144, 2, 16.93, 6.07, 53, 0, 22, 0.74, 0.48, 0.76, 142, 7.2, 2.38, 2.3, 0.8, 2.782, 0, 0, 0.304, 1.54, 2.515, 2, 2, 0, NULL),
(145, 145, 2, 18.9, 6.7, 64, 0, 22, 1.46, 0.84, 0.94, 143, 11.6, 2.64, 2.3, 0.75, 4.806, 0, 0, 0.362, 1.63, 2.7, 2.5, 2, 0, NULL),
(146, 146, 5, 22.6, 7.3, 73, 0, 28, 1.48, 0.94, 1, 144, 30.2, 3.78, 3.72, 0.85, 6.968, 0, 0, 0.384, 2.215, 2.94, 4, 2, 0, NULL),
(147, 147, 2, 16.8, 14.2, 2, 0, 14, 1.06, 0.64, 0.8, 145, 7, 2.14, 2.28, 0.5, 3.25, 0, 0, 0.33, 3.025, 2.435, 2, 2, 0, NULL),
(148, 148, 2, 27.8, 16, 112, 0, 34, 1.31, 0.69, 0, 146, 15.992, 31.01, 28.714, 7.494, 0, 0, 0, 3.394, 0, 0, 2.4, 5, 0.195, NULL),
(149, 149, 2, 14.7, 10.7, 113, 0, 6, 0, 0, 0, 147, 12.944, 27.726, 28.638, 7.8975, 5.3, 0, 0, 3.506, 0, 0, 2, 1, 1.8, NULL),
(150, 150, 4, 24.6, 18.2, 53, 0, 22, 1.26, 0.74, 0.9, 148, 10.4, 2.62, 2.58, 0.7, 3.686, 0, 0, 0.378, 2.265, 2.105, 2, 2, 0, NULL),
(151, 151, 11, 14.4, 11, 114, 0, 22, 0.94, 0.84, 0.72, 149, 0, 0, 0, 0, 0, 0, 0, 0, 0, 2.1, 2, 2, 0, NULL),
(152, 152, 2, 22.8, 17.6, 82, 0, 13, 1.5, 0.92, 1, 150, 10.4, 2.7, 2.62, 0.8, 4.274, 0, 0, 0.29, 1.54, 2.675, 2.5, 2, 0, NULL),
(153, 153, 4, 21.8, 18.8, 82, 0, 13, 1.4, 1.04, 0.94, 151, 20, 3.22, 3.32, 0.9, 4.494, 0, 0, 0.364, 2.025, 2.525, 2, 2, 0, NULL),
(154, 154, 4, 24.4, 17.2, 82, 0, 13, 1.12, 0.5, 0.72, 152, 6.6, 2.5, 2.56, 0.9, 3.314, 0, 0, 0.34, 1.72, 2.34, 2, 2, 0, NULL),
(155, 155, 12, 20.6, 16.4, 64, 0, 22, 1.54, 0.96, 1.08, 153, 51.2, 4.2, 4.82, 0.95, 7.526, 0, 0, 0.36, 2.22, 3.71, 3.5, 2, 0, NULL),
(156, 156, 10, 18.2, 12.6, 21, 0, 22, 1.3, 0.92, 1.04, 154, 45.6, 4.6, 4.14, 0.95, 6.216, 0, 0, 0.358, 2.475, 3.955, 4, 2, 0, NULL),
(157, 157, 4, 21.6, 11.8, 21, 0, 22, 1.68, 1.38, 1.06, 155, 0, 4.2, 3.7, 0, 0, 0, 0, 0, 0, 0, 0, 2, 0, NULL),
(158, 158, 5, 20.8, 12.4, 21, 0, 21, 1.34, 1.08, 0.98, 156, 22, 3.4, 3.22, 0.55, 5.148, 0, 0, 0.3625, 4.575, 3.86, 2, 2, 0, NULL),
(159, 159, 4, 21, 15.6, 115, 0, 22, 1.44, 1.44, 1.02, 157, 0, 0, 0, 0, 0, 0, 0, 0, 0, 0, 0, 2, 0, NULL),
(160, 160, 1, 17.2, 14.8, 116, 0, 34, 1.31, 1.18, 0, 158, 28.088, 42.198, 31.53, 10.536, 0, 0, 0, 3.578, 0, 0, 4.6, 5, 0.25, NULL),
(161, 161, 13, 19, 13, 117, 0, 21, 1.44, 1.12, 0.94, 159, 16, 2.58, 3.12, 0.8, 4.406, 0, 0, 0.428, 1.87, 4.82, 4.5, 2, 0, NULL),
(162, 162, 10, 22, 14.2, 115, 0, 21, 1.04, 0.86, 0.98, 160, 12.6, 2.78, 2.8, 0.45, 4.032, 0, 0, 0.428, 2.735, 5.305, 2, 2, 0, NULL),
(163, 163, 4, 22.4, 15.8, 118, 0, 21, 1.28, 1.06, 0.96, 161, 21.2, 3.44, 3.24, 0.6, 4.574, 0, 0, 0.4075, 3.965, 4.335, 2, 2, 0, NULL),
(164, 164, 13, 23, 18.8, 118, 0, 21, 1.26, 0.88, 0.86, 162, 14, 2.78, 2.9, 1, 4.542, 0, 0, 0.432, 2.045, 5.08, 2, 2, 0, NULL),
(165, 165, 5, 20, 14, 119, 0, 19, 0.96, 1.3, 0, 163, 53.252, 37.732, 44.72, 7.52, 0, 0, 0, 4.742, 0, 0, 4.2, 5, 0.33, NULL),
(166, 166, 2, 17, 9.3, 57, 0, 2, 0, 0, 0, 164, 39.82, 34.882, 44.73, 7.004, 0, 0, 0, 3.44, 0, 0, 5.6, 5, 0.27, NULL),
(167, 167, 10, 25, 21.8, 118, 0, 28, 1.36, 0.86, 1.04, 165, 23.8, 3.58, 3.54, 0.7, 4.35, 0, 0, 0.39, 1.74, 11.6, 5, 2, 0, NULL),
(168, 168, 11, 21, 12, 121, 0, 23, 1.22, 0.98, 1.1, 166, 23, 3.52, 3.48, 0.95, 6.246, 0, 0, 0.53, 4.42, 4.135, 2.5, 2, 0, NULL),
(169, 169, 4, 24.2, 23, 53, 0, 22, 1.22, 0.86, 0.92, 167, 26.4, 3.54, 3.64, 0.7, 5.394, 0, 0, 0.374, 4.705, 8.85, 3, 2, 0, NULL),
(170, 170, 11, 21.6, 15.6, 115, 0, 22, 1.2, 0.98, 0.96, 168, 31, 3.6, 4.15, 1.3, 5.52, 0, 0, 0.53, 3.93, 8.5, 3, 2, 0, NULL),
(171, 171, 11, 6.77, 21.97, 21, 0, 28, 0, 0, 0, 169, 27.75, 3.65, 3.725, 0.8, 5.83, 0, 0, 0.435, 3.1, 7.26, 3, 2, 0, NULL),
(172, 172, 3, 21.6, 18.4, 122, 0, 21, 1.4, 0.94, 0.92, 170, 23.8, 3.4, 3.6, 2, 6.03, 0, 0, 0.414, 3.19, 7.545, 3, 2, 0, NULL),
(173, 173, 2, 17.2, 14.1, 91, 0, 13, 1.22, 0.84, 0.9, 171, 17.2, 2.66, 3.4, 0.6, 4.726, 0, 0, 0.458, 1.865, 7.13, 5, 2, 0, NULL),
(174, 174, 1, 21.2, 18.6, 91, 0, 27, 0.94, 0.6, 0.76, 172, 6.4, 2.04, 2.14, 0.6, 2.92, 0, 0, 0.342, 1.595, 3.225, 2.5, 2, 0, NULL),
(175, 175, 13, 16.4, 15.2, 123, 0, 21, 1.08, 0.68, 0.82, 173, 23, 3.66, 3.34, 0.45, 3.66, 0, 0, 0.388, 2.395, 3.41, 2, 2, 0, NULL),
(176, 176, 4, 22.2, 16.8, 73, 0, 22, 1.5, 1.08, 0.96, 174, 0, 0, 0, 0, 0, 0, 0, 0, 0, 0, 0, 2, 0, NULL),
(177, 177, 4, 26.4, 15.4, 73, 0, 22, 1.54, 1.28, 1.04, 175, 0, 0, 0, 0, 0, 0, 0, 0, 0, 0, 0, 2, 0, NULL),
(178, 178, 10, 20, 13.8, 64, 0, 22, 1.48, 1.42, 0.98, 176, 88.5, 6.15, 5.3, 0, 8.64, 0, 0, 0, 0, 0, 0, 2, 0, NULL),
(179, 179, 7, 20, 10.4, 58, 0, 21, 1.56, 1.3, 0.96, 177, 51.8, 4.94, 4.36, 1.1, 6.064, 0, 0, 0.535, 4.27, 7.51, 3.5, 2, 0, NULL),
(180, 180, 12, 19.8, 14, 94, 0, 21, 1.28, 2.12, 0.98, 178, 40.2, 4.1, 4.22, 0.6, 7.466, 0, 0, 0.428, 4.705, 7.19, 3, 2, 0, NULL),
(181, 181, 7, 21.2, 15.4, 83, 0, 16, 1.54, 1.18, 0.98, 179, 48.4, 3.86, 4.7, 0.65, 9.452, 0, 0, 0.382, 3.6, 5.52, 5.5, 2, 0, NULL),
(182, 182, 12, 22.8, 18.8, 115, 0, 21, 1.6, 1.34, 1.02, 180, 65.8, 4.4, 5.38, 0.95, 8.1025, 0, 0, 0.408, 3.83, 6.23, 5, 2, 0, NULL),
(183, 183, 7, 23.4, 14.8, 101, 0, 23, 1.7, 1.26, 0.96, 181, 81.8, 4.46, 5.7, 0.75, 8.546, 0, 0, 0.288, 3.285, 5.905, 6.5, 2, 0, NULL),
(184, 184, 6, 21.6, 14.8, 124, 0, 21, 1.48, 0.98, 0.92, 182, 51.8, 4.66, 4.66, 1.4, 6.638, 0, 0, 0.494, 3.605, 7.575, 3.5, 2, 0, NULL),
(185, 185, 12, 23, 17.4, 73, 0, 22, 1.46, 0.84, 0.92, 183, 27.4, 3.3, 4.08, 0.65, 8.426, 0, 0, 0.394, 3.555, 9.015, 4.5, 2, 0, NULL),
(186, 186, 6, 17.4, 14.2, 125, 0, 14, 1.5, 1, 0.92, 184, 44.4, 4.02, 4.34, 0.75, 7.864, 0, 0, 0.412, 3.54, 5.65, 3.5, 2, 0, NULL),
(187, 187, 12, 15, 12.4, 126, 0, 22, 1.34, 0.9, 0.92, 185, 33.6, 3.72, 4.04, 0.7, 6.82333, 0, 0, 0.31, 2.9, 1.89, 2, 2, 0, NULL),
(188, 188, 12, 20, 13.8, 115, 0, 22, 1.5, 0.94, 0.94, 186, 27.5, 3.575, 3.75, 0.7, 6.42, 0, 0, 0, 0, 0, 0, 2, 0, NULL),
(189, 189, 12, 20.2, 13.4, 58, 0, 22, 1.54, 0.8, 0.98, 187, 17, 3.2, 3.1, 1.1, 3.528, 0, 0, 0.432, 3.105, 4.51, 2, 2, 0, NULL),
(190, 190, 12, 21.4, 17, 127, 0, 21, 1.34, 0.64, 0.9, 188, 10.8, 2.54, 2.66, 0.8, 3.62, 0, 0, 0.39, 3.14, 6.555, 2, 2, 0, NULL),
(191, 191, 12, 14, 10.4, 127, 0, 22, 1.3, 0.6, 0.86, 189, 12.2, 2.66, 2.66, 0.65, 6.184, 0, 0, 0.308, 3.495, 2.255, 2, 2, 0, NULL),
(192, 192, 12, 16.8, 14, 127, 0, 21, 1.44, 0.72, 0.88, 190, 4, 1.8, 2.1, 0, 3.23, 0, 0, 0, 0, 0, 0, 2, 0, NULL),
(193, 193, 7, 17.4, 12.6, 128, 0, 28, 1.4, 0.78, 0.88, 191, 10, 2.72, 2.54, 0.7, 4.84, 0, 0, 0.356, 2.825, 2.41, 2, 2, 0, NULL),
(194, 194, 2, 22.2, 18.2, 129, 0, 14, 1.48, 1.14, 0.96, 192, 0, 0, 0, 0, 0, 0, 0, 0, 0, 0, 0, 2, 0, NULL),
(195, 195, 1, 26.6, 22.8, 57, 0, 14, 1.46, 1.04, 1.02, 193, 10.2, 2.68, 2.52, 0.85, 4.228, 0, 0, 0.32, 2.93, 2.495, 2, 2, 0, NULL),
(196, 196, 10, 20.2, 19.4, 121, 0, 22, 1.36, 0.92, 1.02, 194, 40.6, 3.64, 4.4, 1.1, 7.804, 0, 0, 0.326, 3.135, 2.79, 4.5, 2, 0, NULL),
(197, 197, 12, 20, 15.6, 126, 0, 28, 1.34, 0.9, 0.94, 195, 24.4, 3.8, 3.56, 0.8, 6.674, 0, 0, 0.358, 3.2, 2.99, 3, 2, 0, NULL),
(198, 198, 7, 20.4, 13, 101, 0, 21, 1.46, 1.084, 1.06, 196, 30.8, 3.68, 3.86, 0.85, 6.438, 0, 0, 0.33, 3.5, 6.57, 3.5, 2, 0, NULL),
(199, 199, 7, 19, 12.2, 131, 0, 35, 1.5, 1.34, 1.02, 197, 0, 0, 0, 0, 0, 0, 0, 0, 0, 0, 0, 2, 0, NULL),
(200, 200, 7, 5.7, 19.9, 132, 0, 21, 0, 0, 0, 198, 0, 0, 0, 15.83, 0, 0, 0, 0, 0, 0, 0, 2, 0, NULL),
(201, 201, 7, 18.6, 13.4, 133, 0, 36, 1.44, 1.22, 1.02, 199, 34.25, 4.275, 3.975, 0.9, 9.03, 0, 0, 0.3, 2.36, 2.26, 5, 2, 0, NULL),
(202, 202, 7, 15.2, 10, 121, 0, 21, 1.494, 0.98, 0.94, 200, 33.6, 3.88, 3.8, 0.5, 9.456, 0, 0, 0.386667, 1.77, 2.6, 4, 2, 0, NULL),
(203, 203, 7, 21.2, 16.2, 21, 0, 21, 1.06, 0.66, 0.86, 201, 18.8, 3.1, 3.56, 0.8, 8.132, 0, 0, 0.318, 1.91, 1.65, 3.5, 2, 0, NULL),
(204, 204, 10, 13.8, 13.6, 118, 0, 21, 1.18, 0.78, 0.84, 202, 20, 4.16667, 2.86667, 0, 3.89667, 0, 0, 0.283333, 4.42, 2.13, 2, 2, 0, NULL),
(205, 205, 10, 15.6, 15, 118, 0, 21, 1.22, 0.84, 0.86, 203, 0, 0, 0, 0, 0, 0, 0, 0, 0, 0, 0, 2, 0, NULL),
(206, 206, 4, 21, 17.4, 101, 0, 22, 1.22, 0.82, 0.88, 204, 14.4, 2.76, 3.04, 1, 5.388, 0, 0, 0.2575, 2.645, 2.575, 3, 2, 0, NULL),
(207, 207, 11, 27.2, 21.2, 118, 0, 22, 1.72, 1.44, 1.18, 205, 0, 0, 0, 0, 0, 0, 0, 0, 0, 0, 0, 2, 0, NULL),
(208, 208, 11, 6.1, 21.4, 134, 0, 22, 0, 0, 0, 206, 0, 0, 0, 0, 0, 0, 0, 0, 0, 0, 0, 2, 0, NULL),
(209, 209, 11, 5.8, 17.5, 45, 0, 22, 0, 0, 0, 207, 0, 0, 0, 0, 0, 0, 0, 0, 0, 0, 0, 2, 0, NULL),
(210, 210, 10, 5.6, 22.5, 135, 0, 22, 0, 0, 0, 208, 0, 0, 0, 0, 0, 0, 0, 0, 0, 0, 0, 2, 0, NULL),
(211, 211, 10, 7.2, 22.2, 136, 0, 28, 0, 0, 0, 209, 0, 0, 0, 0, 0, 0, 0, 0, 0, 0, 0, 2, 0, NULL),
(212, 212, 10, 6.9, 24.7, 137, 0, 22, 0, 0, 0, 210, 0, 0, 0, 0, 0, 0, 0, 0, 0, 0, 0, 2, 0, NULL),
(213, 213, 10, 4.9, 23.4, 26, 0, 21, 0, 0, 0, 211, 0, 0, 0, 0, 0, 0, 0, 0, 0, 0, 0, 2, 0, NULL),
(214, 214, 10, 22.6, 15, 138, 0, 28, 1.12, 0.8, 0.84, 212, 19, 3.64, 2.94, 0.7, 3.646, 0, 0, 0.3475, 3.99, 2.325, 2, 2, 0, NULL),
(215, 215, 4, 23.8, 17.2, 139, 0, 22, 1.22, 0.86, 0.86, 213, 15, 2.92, 2.88, 1.1, 6.19, 0, 0, 0.248, 0.96, 1.89, 3.5, 2, 0, NULL),
(216, 216, 10, 7.2, 24.6, 21, 0, 28, 0, 0, 0, 214, 0, 0, 0, 0, 0, 0, 0, 0, 0, 0, 0, 2, 0, NULL),
(217, 217, 4, 8.9, 28.2, 26, 0, 22, 0, 0, 0, 215, 0, 0, 0, 0, 0, 0, 0, 0, 0, 0, 0, 2, 0, NULL),
(218, 218, 7, 20.8, 16.8, 140, 0, 35, 1.24, 0.92, 0.88, 216, 29, 3.38, 3.98, 0.6, 7.66, 0, 0, 0.358, 3.61, 2.915, 5, 2, 0, NULL),
(219, 219, 5, 21.6, 12.6, 118, 0, 28, 1.44, 1.02, 1.02, 217, 0, 0, 0, 0, 0, 0, 0, 0, 0, 3.5, 2, 2, 0, NULL),
(220, 220, 13, 18, 14.6, 121, 0, 21, 1.22, 0.74, 0.84, 218, 16.2, 3.46, 2.9, 0.6, 3.204, 0, 0, 0.33, 2.435, 2.175, 2, 2, 0, NULL),
(221, 221, 7, 15.8, 12, 141, 0, 36, 1.22, 0.66, 0.82, 219, 11.6, 3.06, 2.58, 0.6, 2.598, 0, 0, 0.268, 1.75, 1.72, 2, 2, 0, NULL),
(222, 222, 13, 18.4, 13.2, 123, 0, 28, 1.06, 0.78, 0.88, 220, 13.25, 3.125, 2.7, 0.7, 3.575, 0, 0, 0.31, 2.09, 2.19, 2, 2, 0, NULL),
(223, 223, 10, 21.2, 18.6, 128, 0, 21, 1.24, 0.82, 0.92, 221, 11.75, 3.55, 2.4, 0, 3.52, 0, 0, 0.235, 1.615, 2.42, 2, 2, 0, NULL),
(224, 224, 13, 27.2, 19, 118, 0, 22, 1.42, 1.08, 0.98, 222, 0, 0, 0, 0, 0, 0, 0, 0, 0, 0, 0, 2, 0, NULL),
(225, 225, 2, 23.8, 19.6, 142, 0, 37, 1.42, 1.5, 1, 223, 0, 0, 0, 0, 0, 0, 0, 0, 0, 0, 0, 2, 0, NULL),
(226, 226, 3, 22, 12.6, 121, 0, 21, 1.38, 1.04, 0.96, 224, 37, 3.9, 4, 0, 5.58, 0, 0, 0.39, 4.49, 9.21, 5, 2, 0, NULL),
(227, 227, 2, 25.2, 17, 1, 0, 37, 1.38, 0.96, 0.96, 225, 0, 0, 0, 0, 0, 0, 0, 0, 0, 0, 0, 2, 0, NULL),
(228, 228, 4, 23.2, 13.2, 144, 0, 22, 1.28, 0.82, 0.8, 226, 0, 0, 0, 0, 0, 0, 0, 0, 2, 1.4, 3, 2, 0, NULL),
(229, 229, 10, 18.4, 14.2, 145, 0, 22, 1.54, 1.36, 0.94, 227, 43.8, 4.9, 3.96, 1.2, 6.564, 0, 0, 0.32, 4.095, 2.27, 3.5, 2, 0, NULL),
(230, 230, 7, 22.2, 14.6, 146, 0, 22, 1.28, 0.98, 0.86, 228, 13.6, 2.82, 2.9, 0.65, 5.938, 0, 0, 0.372, 1.905, 2.82, 3.5, 2, 0, NULL),
(231, 231, 7, 18.6, 16, 77, 0, 22, 1.58, 0.92, 1, 229, 17.8, 3.64, 3.16, 0.85, 6.418, 0, 0, 0.35, 3.475, 2.2, 2, 2, 0, NULL),
(232, 232, 7, 21.4, 16.2, 147, 0, 37, 1.5, 0.86, 0.96, 230, 31, 3.64, 3.66, 1, 9.008, 0, 0, 0.37, 3.095, 3.17, 3.5, 2, 0, NULL),
(233, 233, 2, 19.8, 18.2, 141, 0, 38, 1.2, 1, 0.86, 231, 8.6, 2.26, 2.44, 0.9, 4.408, 0, 0, 0.31, 2.235, 1.985, 2.5, 2, 0, NULL),
(234, 234, 2, 23.8, 14, 148, 0, 38, 1.3, 1.22, 0.88, 232, 0, 0, 0, 0, 0, 0, 0, 0, 0, 0, 0, 2, 0, NULL),
(235, 235, 11, 23.8, 17.8, 139, 0, 28, 1.54, 1.36, 1.12, 233, 0, 0, 0, 0, 0, 0, 0, 0, 0, 5.6, 5, 2, 0, NULL),
(236, 236, 7, 21.4, 14.4, 74, 0, 37, 1.48, 1.56, 1, 234, 33.6, 3.56, 4.02, 0.9, 6.376, 0, 0, 0.364, 3.58, 3.38, 3.5, 2, 0, NULL),
(237, 237, 8, 20.4, 14.4, 149, 0, 36, 1.56, 1.56, 1.08, 235, 12, 2.75, 2.75, 0.7, 5.42, 0, 0, 0.33, 2.42, 2.76, 3, 2, 0, NULL),
(238, 238, 7, 13, 9, 150, 0, 37, 1.3, 1.12, 0.92, 236, 21.6, 3.78, 3.24, 0, 4.434, 0, 0, 0.37, 3.28, 2.59, 2, 2, 0, NULL),
(239, 239, 4, 12.2, 8.6, 151, 0, 22, 1.04, 0.6, 0.86, 237, 20, 4.16, 2.98, 0.85, 2.918, 0, 0, 0.408, 3.215, 3.275, 2, 2, 0, NULL),
(240, 240, 10, 12.8, 12, 64, 0, 39, 1.18, 0.76, 0.9, 238, 43.2, 4.82, 3.94, 0.65, 5.884, 0, 0, 0.378, 5.605, 8.025, 3, 2, 0, NULL),
(241, 241, 11, 12.6, 10.2, 115, 0, 21, 0.86, 0.42, 0.7, 239, 2.102, 1.572, 1.582, 0.65, 1.924, 0, 0, 0.34, 1.145, 1.445, 2.5, 2, 0, NULL),
(242, 242, 11, 15, 10.6, 152, 0, 32, 1.42, 1.73, 0, 240, 80.826, 46.446, 53.542, 10.076, 0, 0, 0, 7.762, 0, 0, 3.4, 5, 0.32, NULL),
(243, 243, 13, 16.6, 13, 101, 0, 22, 1.34, 1.12, 0.84, 241, 33.2, 5.56, 3.42, 1, 5.85333, 0, 0, 0.398, 4.795, 4.145, 3, 2, 0, NULL),
(244, 244, 10, 10.6, 8.4, 121, 0, 21, 1.64, 1.3, 0.98, 242, 44.75, 6.275, 3.725, 1.1, 5.71, 0, 0, 0.393333, 5.24, 4.73, 2, 2, 0, NULL),
(245, 245, 10, 15.6, 9.4, 153, 0, 28, 1.3, 1.1, 0.92, 243, 38.4, 3.5, 4.54, 0.8, 6.568, 0, 0, 0.288, 4.03, 4.05, 4, 2, 0, NULL),
(246, 246, 10, 15.6, 11.2, 115, 0, 23, 1.18, 0.68, 0.82, 244, 42.4, 4, 4.16, 0.7, 6.54, 0, 0, 0.384, 4.61, 5.09, 4, 2, 0, NULL),
(247, 247, 2, 22, 12.4, 154, 0, 32, 1.67, 1.38, 0, 245, 154.14, 62.654, 64.22, 14.376, 0, 0, 0, 6.456, 0, 0, 4.6, 5, 0.245, NULL),
(248, 248, 4, 7.2, 21.8, 155, 0, 40, 0, 0, 0, 246, 93.782, 54.61, 59.674, 9.242, 0, 0, 0, 6, 0, 0, 2.4, 8, 0.365, NULL),
(249, 249, 2, 15.4, 10.6, 156, 0, 36, 1.42, 1.58, 0.94, 247, 40.5, 3.75, 4.4, 1, 7.52, 0, 0, 0.425, 4.46, 8.77, 4, 2, 0, NULL),
(250, 250, 4, 14.4, 11.6, 157, 0, 41, 1.48, 1.24, 1.02, 248, 38.25, 3.95, 4.275, 1, 6.682, 0, 0, 0.498, 3.01, 8.485, 3.5, 2, 0, NULL),
(251, 251, 4, 16.2, 13.6, 118, 0, 28, 1.12, 1.26, 0.94, 249, 40.4, 3.66, 4.58, 1.1, 5.084, 0, 0, 0.486, 3.845, 9.72, 5.5, 2, 0, NULL),
(252, 252, 2, 12.2, 8.6, 158, 0, 19, 1.53, 1.78, 0, 250, 174.4, 61.116, 69.332, 9.406, 0, 0, 0, 7.762, 0, 0, 4.2, 8, 0.305, NULL),
(253, 253, 11, 14.6, 16.2, 21, 0, 23, 1.38, 1.42, 0.9, 251, 17.2, 3.08, 3.38, 1, 5.34, 0, 0, 0.266, 2.385, 2.67, 3.5, 2, 0, NULL),
(254, 254, 11, 20.8, 14, 127, 0, 28, 1.5, 1.4, 0.98, 252, 0, 0, 0, 0, 0, 0, 0, 0, 0, 4.5, 4, 2, 0, NULL),
(255, 255, 10, 19.2, 14.8, 122, 0, 28, 1.42, 1.36, 0.92, 253, 46.4, 3.86, 4.6, 0.8, 7.505, 0, 0, 0.402, 4.76, 9.725, 3, 2, 0, NULL),
(256, 256, 10, 21.4, 13.4, 121, 0, 21, 1.14, 0.82, 0.94, 254, 31, 4.3, 3.8, 0, 4.9, 0, 0, 0.42, 3.33, 1.86, 3, 2, 0, NULL),
(257, 257, 10, 19.4, 14.4, 118, 0, 21, 1, 0.66, 0.76, 255, 39.6, 4.62, 4.16, 0.85, 4.18, 0, 0, 0.626, 5.395, 4.915, 2.5, 2, 0, NULL),
(258, 258, 10, 15.8, 12.8, 118, 0, 42, 0.88, 0.64, 0.66, 256, 12, 2.5, 2.86, 0.95, 2.548, 0, 0, 0.442, 1.65, 2.795, 3, 2, 0, NULL),
(259, 259, 2, 22, 13.8, 159, 0, 43, 1.22, 1.45, 0, 257, 69.916, 47.878, 50.984, 8.624, 0, 0, 0, 5.712, 0, 0, 3.6, 4, 0.315, NULL),
(260, 260, 8, 27.2, 17.6, 160, 0, 37, 1.36, 1.26, 0.88, 258, 0, 0, 0, 0, 0, 0, 0, 0, 0, 0, 0, 2, 0, NULL),
(261, 261, 8, 28, 21.6, 161, 0, 37, 1.32, 0.98, 0.94, 258, 0, 0, 0, 0, 0, 0, 0, 0, 0, 0, 0, 2, 0, NULL),
(262, 262, 14, 15.8, 15, 74, 0, 37, 0.9, 0.46, 0.66, 259, 6, 1.98, 2.12, 0.5, 2.968, 0, 0, 0.364, 1.29, 4.665, 2, 2, 0, NULL),
(263, 263, 1, 13.6, 9.4, 162, 0, 44, 1.51, 1.23, 0, 260, 73.934, 73.948, 46.254, 9.066, 0, 0, 0, 6.154, 0, 0, 2.8, 5, 0.34, NULL),
(264, 264, 2, 17.4, 11.8, 122, 0, 22, 1.3, 1.24, 0.94, 261, 22.4, 3.14, 3.34, 0.8, 4.87333, 0, 0, 0.314, 2.26, 3.08, 2.5, 2, 0, NULL),
(265, 265, 5, 14.4, 12, 139, 0, 41, 1.02, 0.6, 0.8, 262, 15.4, 2.76, 3.14, 0.7, 3.39, 0, 0, 0.43, 1.865, 4.435, 2.5, 2, 0, NULL),
(266, 266, 8, 12.8, 8.6, 163, 0, 45, 1.1, 1.62, 0.96, 258, 0, 0, 0, 0, 0, 0, 0, 0, 0, 0, 0, 2, 0, NULL),
(267, 267, 4, 21.4, 19.2, 118, 0, 23, 0.96, 0.38, 0.66, 263, 0.682, 1.032, 1.07, 0.45, 1.662, 0, 0, 0.408, 0.7, 0.605, 2, 2, 0, NULL),
(268, 268, 8, 19.2, 15.2, 118, 0, 23, 1, 0.38, 0.74, 264, 0.488, 0.93, 0.922, 0.45, 1.408, 0, 0, 0.332, 0.94, 0.905, 2, 2, 0, NULL),
(269, 269, 2, 27.6, 19.8, 164, 0, 19, 1.22, 0.79, 0, 265, 31.286, 34.776, 39.254, 6.86, 0, 0, 0, 3.876, 0, 0, 4, 4, 0.275, NULL),
(270, 270, 4, 0, 0, 137, 0, 40, 0, 0, 0, 266, 11.336, 25.898, 27.498, 5.344, 0, 0, 0, 4.46, 0, 0, 2.66667, 4, 0.17, NULL),
(271, 271, 4, 0, 0, 5, 0, 19, 0, 0, 0, 267, 31.796, 34.556, 40.862, 6.718, 0, 0, 0, 3.566, 0, 0, 3.8, 9, 0.31, NULL),
(272, 272, 4, 0, 0, 135, 0, 46, 0, 0, 0, 268, 26.404, 31.74, 37.788, 5.896, 0, 0, 0, 3.878, 0, 0, 3.6, 5, 0.225, NULL),
(273, 273, 7, 25, 15.8, 166, 0, 21, 1.5, 1.14, 1.02, 269, 48, 5.66, 4.08, 0, 5.33, 0, 0, 0.535, 3.74, 7.155, 3, 2, 0, NULL),
(274, 274, 7, 25.2, 16.8, 166, 0, 21, 1.32, 0.96, 0.9, 270, 34.6, 4.46, 3.66, 1.1, 6.615, 0, 0, 0.428, 3.67, 8.62, 3, 2, 0, NULL),
(275, 275, 7, 22.2, 13.4, 167, 0, 21, 1.7, 1.48, 1.02, 271, 38, 5.93333, 3.76667, 1.3, 4.86667, 0, 0, 0.49, 4.165, 4.28, 2, 2, 0, NULL),
(276, 276, 7, 20.2, 14, 167, 0, 21, 1.34, 1.04, 0.96, 272, 58, 6, 4.3, 0, 6.175, 0, 0, 0.4725, 4.36, 1.775, 2, 2, 0, NULL),
(277, 277, 7, 19.6, 15.6, 144, 0, 28, 1.16, 0.92, 0.86, 273, 45, 5.325, 4.4, 1.2, 7.12, 0, 0, 0.383333, 3.94, 8.55, 5, 2, 0, NULL),
(278, 278, 7, 23.4, 18.6, 127, 0, 22, 1.42, 1.02, 0.96, 274, 47.8, 5.7, 4.06, 1.1, 6.28667, 0, 0, 0.39, 4.88, 5.32, 3, 2, 0, NULL),
(279, 279, 6, 20.4, 14.4, 167, 0, 22, 1.46, 1.16, 0.92, 275, 31, 4.63333, 3.4, 0, 5.59, 0, 0, 0.45, 5.3, 2.87, 3, 2, 0, NULL),
(280, 280, 6, 21.8, 14, 167, 0, 21, 1.58, 1.28, 1.06, 276, 29.5, 5.05, 3.55, 0, 3.82, 0, 0, 0.52, 4.4, 9.4, 3, 2, 0, NULL),
(281, 281, 2, 26.4, 16.4, 168, 0, 47, 1.8, 1.68, 1.08, 277, 30, 4.98, 3.6, 2.4, 6.115, 0, 0, 0.36, 6, 8.01, 2, 2, 0, NULL),
(282, 282, 7, 23, 17.2, 169, 0, 32, 13.86, 10.988, 0, 278, 123.546, 78.792, 57.07, 20.02, 0, 0, 0, 8.014, 0, 0, 2, 3, 0.29, NULL),
(283, 283, 4, 23.8, 21.6, 58, 0, 21, 1.46, 1.04, 0.92, 279, 6, 2.82, 1.82, 1, 2.666, 0, 0, 0.428, 3.025, 3.015, 2.5, 2, 0, NULL),
(284, 284, 4, 23.8, 19, 170, 0, 23, 1.24, 0.92, 0.9, 280, 5, 2.76, 1.72, 0.75, 1.992, 0, 0, 0.436, 1.98, 1.525, 2.5, 2, 0, NULL),
(285, 285, 8, 21.8, 18.8, 171, 0, 23, 1.3, 0.96, 0.88, 281, 5.4, 2.72, 1.74, 0.75, 2.188, 0, 0, 0.33, 2.46, 3.9, 2, 2, 0, NULL),
(286, 286, 2, 22.6, 17, 172, 0, 32, 13.366, 8.682, 0, 282, 10.566, 26.418, 32.078, 7.186, 0, 0, 0, 4.326, 0, 0, 2, 6, 0.245, NULL),
(287, 287, 8, 19, 18, 173, 0, 32, 15.004, 8.16, 0, 283, 12.332, 34.12, 23.454, 6.462, 0, 0, 0, 4.86, 0, 0, 2.2, 6, 0.24, NULL),
(288, 288, 4, 22.8, 24.2, 111, 0, 28, 1.32, 0.84, 0.86, 284, 58.6, 5.54, 4.5, 0.7, 6.546, 0, 0, 0.46, 2.45, 4.7, 2.5, 2, 0, NULL),
(289, 289, 4, 25.4, 25.4, 58, 0, 28, 1.46, 0.86, 0.98, 285, 6, 2.76, 1.94, 0.7, 1.962, 0, 0, 0.452, 2.175, 4.81, 2, 2, 0, NULL),
(290, 290, 5, 0, 0, 174, 0, 45, 0, 0, 0, 258, 0, 0, 0, 0, 0, 0, 0, 0, 0, 0, 0, 2, 0, NULL),
(291, 291, 7, 25.4, 23.2, 175, 0, 32, 13.638, 10.3, 0, 286, 120, 65.035, 58.9, 10.045, 0, 0, 0, 7.2425, 0, 0, 3, 6, 0.19, NULL),
(292, 292, 7, 22.2, 19.4, 139, 0, 21, 1.26, 0.6, 0.78, 287, 49.2, 4.1, 4.62, 0.75, 6.346, 0, 0, 0.432, 4.06, 15.315, 3, 2, 0, NULL),
(293, 293, 7, 24, 18.8, 64, 0, 22, 1.12, 0.68, 0.84, 288, 41, 3.92, 4.44, 0.7, 5.104, 0, 0, 0.474, 3.525, 6.81, 3, 2, 0, NULL),
(294, 294, 7, 22.8, 16, 157, 0, 21, 1.14, 0.76, 0.88, 289, 47, 4.34, 4.58, 1, 6.452, 0, 0, 0.42, 3.54, 4.37, 3.5, 2, 0, NULL),
(295, 295, 7, 27.8, 19, 176, 0, 21, 1.48, 1.06, 1.06, 290, 97, 5.4, 6.25, 1.1, 0, 0, 0, 0, 0, 0, 0, 2, 0, NULL),
(296, 296, 7, 20.6, 16.4, 167, 0, 21, 1.52, 1.22, 1.12, 291, 57.8, 4.74, 4.84, 1.1, 5.79, 0, 0, 0.4475, 4.305, 6.865, 3, 2, 0, NULL),
(297, 297, 8, 22.4, 15.8, 177, 0, 36, 1.46, 1.1, 1.04, 292, 54.4, 4.58, 4.7, 0.95, 6.93, 0, 0, 0.4075, 4.56, 7.39, 3.5, 2, 0, NULL),
(298, 298, 8, 25.8, 19.6, 160, 0, 48, 1.3, 0.86, 0.94, 293, 0, 0, 0, 0, 0, 0, 0, 0, 0, 0, 0, 2, 0, NULL),
(299, 299, 7, 22.2, 12.8, 74, 0, 36, 1.32, 0.98, 0.96, 294, 39.3333, 4.2, 4.13333, 1.2, 5.63, 0, 0, 0.47, 4.44, 9.03, 4, 2, 0, NULL),
(300, 300, 6, 20.8, 14.2, 178, 0, 21, 1.12, 0.96, 0.94, 295, 55.6667, 4.76667, 4.73333, 1, 5.8775, 0, 0, 0.44, 2.86, 9.74, 5, 2, 0, NULL),
(301, 301, 6, 17, 12.2, 179, 0, 21, 1.28, 1.06, 0.96, 296, 49, 4.85, 4.55, 0, 0, 0, 0, 0, 0, 0, 0, 2, 0, NULL),
(302, 302, 6, 25.6, 18, 122, 0, 21, 1.42, 1.02, 1.04, 297, 45.2, 4.6, 4.44, 1.25, 5.05, 0, 0, 0.458, 4.81, 8.6, 2, 2, 0, NULL),
(303, 303, 7, 23.6, 16.2, 167, 0, 22, 1.28, 1.1, 0.94, 298, 41.5, 5.15, 4.1, 0.8, 0, 0, 0, 0, 0, 0, 0, 2, 0, NULL),
(304, 304, 6, 25.2, 13.2, 166, 0, 30, 1.328, 0.88, 0.92, 299, 39.3333, 4.76667, 4.13333, 0.9, 0, 0, 0, 0, 0, 0, 0, 2, 0, NULL),
(305, 305, 7, 27.2, 22, 167, 0, 21, 1.52, 1.12, 0.96, 300, 45, 4.86667, 4.16667, 1.6, 4.06, 0, 0, 0.24, 2.31, 1.89, 3, 2, 0, NULL),
(306, 306, 7, 18.4, 14.8, 166, 0, 21, 1.22, 1.1, 0.92, 301, 38.4, 4.98, 4.02, 1, 4.01, 0, 0, 0.47, 4.04, 3.25, 4, 2, 0, NULL),
(307, 307, 7, 0, 0, 174, 0, 45, 0, 0, 0, 258, 0, 0, 0, 0, 0, 0, 0, 0, 0, 0, 0, 2, 0, NULL),
(308, 308, 7, 18.2, 14.6, 127, 0, 22, 1.18, 0.98, 0.9, 302, 0, 0, 0, 0, 0, 0, 0, 0, 0, 0, 0, 2, 0, NULL),
(309, 309, 6, 17.2, 9, 127, 0, 28, 1.38, 1.2, 0.98, 303, 0, 0, 0, 0, 0, 0, 0, 0, 0, 0, 0, 2, 0, NULL),
(310, 310, 7, 21.4, 12.8, 166, 0, 22, 1.32, 1.14, 0.98, 304, 42.6667, 5.1, 4.13333, 1.1, 0, 0, 0, 0, 0, 0, 0, 2, 0, NULL),
(311, 311, 6, 27.6, 17, 144, 150, 30, 1.414, 1.4, 0.94, 305, 29, 53, 32, 0, 0, 4, 1, 0, 3, 16, 2, 2, 0, NULL),
(312, 312, 6, 18.8, 15.6, 127, 165, 21, 1.26, 0.82, 1.02, 306, 45, 4.16, 4.54, 0.9, 5.36, 0, 0, 0.434, 2, 4.785, 2, 2, 0, NULL),
(313, 313, 7, 22.2, 15.4, 180, 154, 21, 1.18, 0.78, 0.82, 307, 43.6, 4.02, 4.46, 0.65, 8.7625, 0, 0, 0.52, 4.4, 8.365, 5.5, 2, 0, NULL),
(314, 314, 11, 22.8, 20.4, 151, 128.667, 28, 1.26, 1.1, 0.92, 308, 77.6667, 5.13333, 4.96667, 1.2, 9.1, 0, 0, 0.4, 2.96, 9.11, 6, 2, 0, NULL),
(315, 315, 8, 21.4, 18.8, 156, 191, 36, 1, 0.96, 0.8, 309, 33, 3.7, 4.1, 1.1, 0, 0, 0, 0.4, 3.51, 8.51, 2, 2, 0, NULL),
(316, 316, 13, 20, 15.4, 156, 183, 37, 1.04, 0.84, 0.82, 310, 32.8, 3.82, 3.8, 1.2, 6.116, 0, 0, 0.425, 2.91, 8.49, 2, 2, 0, NULL),
(317, 317, 8, 15.41, 5.05, 181, 136.333, 49, 12.964, 12.838, 0, 311, 80.804, 48.468, 55.124, 10.868, 0, 0, 0, 6.536, 0, 0, 2, 5, 0.29, NULL),
(318, 318, 2, 25.48, 7.45, 182, 166, 32, 15.896, 16.892, 0, 312, 133.6, 60.365, 66.515, 15.174, 0, 0, 0, 5.74, 0, 0, 6, 7, 0.31, NULL),
(319, 319, 6, 26.6, 20.4, 166, 87.6667, 21, 1.24, 1.18, 0.9, 313, 68, 5.5, 5.1, 1.2, 0, 0, 0, 0, 0, 0, 0, 2, 0, NULL),
(320, 320, 6, 26.2, 18.6, 166, 155.667, 39, 1.4, 1.12, 0.92, 314, 58, 5.8, 4.8, 0, 4.59, 0, 0, 0.49, 4.43, 6.26, 3, 2, 0, NULL),
(321, 321, 6, 17, 14.6, 167, 79, 22, 1.54, 1.44, 0.98, 315, 63.8, 5.68, 4.7, 1, 4.994, 0, 0, 0.406, 4.975, 8.88, 3.5, 2, 0, NULL),
(322, 322, 6, 20.8, 14, 167, 121, 21, 1.32, 1.2, 0.9, 316, 52, 4.96, 4.44, 1.25, 4.258, 0, 0, 0.444, 4.05, 8.07, 3.5, 2, 0, NULL),
(323, 323, 6, 21.6, 16.2, 167, 68, 22, 1.38, 1.18, 0.92, 317, 0, 0, 0, 0, 0, 0, 0, 0, 0, 0, 0, 2, 0, NULL),
(324, 324, 6, 22.4, 12.8, 166, 79.3333, 30, 1.42, 1.3, 0.94, 318, 64.5, 5.775, 4.9, 1.4, 4.97, 0, 0, 0.43, 4.97, 7.1, 6, 2, 0, NULL),
(325, 325, 6, 17.4, 12.8, 157, 69.3333, 30, 1.3, 1.06, 1.06, 319, 37.6, 4.8, 4.02, 1.2, 5.2, 0, 0, 0.453333, 4.15, 4.73, 3, 2, 0, NULL),
(326, 326, 6, 24, 17, 127, 61.3333, 21, 1.22, 0.9, 0.88, 320, 0, 0, 0, 0, 0, 0, 0, 0, 0, 0, 0, 2, 0, NULL),
(327, 327, 5, 31.8, 25.4, 138, 62.6667, 30, 1.3, 1.16, 0.92, 321, 0, 0, 0, 0, 0, 0, 0, 0, 0, 0, 0, 2, 0, NULL),
(328, 328, 6, 28.8, 20, 183, 161, 21, 1.4, 1.16, 1.04, 322, 44.2, 5.42, 4.28, 1.1, 5.2075, 0, 0, 0.472, 4.38, 4.825, 2.5, 2, 0, NULL),
(329, 329, 6, 26.8, 17, 184, 161, 21, 1.34, 1.14, 1.02, 323, 0, 0, 0, 0, 0, 0, 0, 0, 0, 0, 0, 2, 0, NULL),
(330, 330, 6, 21.2, 7.5, 166, 161, 30, 1.44, 1.1, 0.86, 324, 0, 0, 0, 0, 0, 0, 0, 0, 0, 0, 0, 2, 0, NULL),
(331, 331, 6, 21.2, 6.8, 127, 77, 21, 1.22, 1.12, 0.88, 325, 0, 0, 0, 0, 0, 0, 0, 0, 0, 0, 0, 2, 0, NULL),
(332, 332, 4, 21.6, 8.2, 153, 98.3333, 22, 1.18, 1.04, 0.94, 326, 80, 5.2, 5.8, 0, 0, 0, 0, 0, 0, 0, 0, 2, 0, NULL),
(333, 333, 4, 26.8, 23.2, 174, 226, 50, 1.12, 1.16, 0.68, 327, 9.2, 2.48, 2.44, 0.64, 2.84, 0, 0, 1.4, 0.18, 1.74, 0.18, 2, 0, NULL),
(334, 334, 4, 19.4, 7.1, 185, 117.333, 21, 0.92, 1.32, 0.96, 328, 21.2, 3.22, 3.24, 0.66, 5.66, 0, 0, 4, 0.99, 2.76, 2, 2, 0, NULL),
(335, 335, 5, 24.4, 7.4, 138, 97.6667, 28, 1.38, 1.72, 0.84, 329, 77.6, 4.88, 5.32, 1.42, 12.98, 0, 0, 5.1, 0.66, 4.46, 3, 2, 0, NULL),
(336, 336, 4, 29, 10, 186, 158.333, 22, 1.56, 1.6, 0.86, 330, 243, 7.6, 7.75, 1.4, 21.74, 0, 0, 0.7, 1.26, 3.45, 6, 2, 0, NULL),
(337, 337, 5, 25.2, 8, 121, 154.333, 22, 1.68, 1.32, 0.78, 331, 138, 6.53, 6.4, 1.2, 0, 0, 0, 0.43, 1.2, 5.4, 5, 2, 0, NULL),
(338, 338, 5, 24.4, 8.7, 187, 135.333, 42, 15.744, 20.768, 0, 332, 203.008, 60.816, 74.374, 9.696, 0, 0, 0, 6.665, 0, 0, 4.75, 5, 0.33, NULL),
(339, 339, 5, 28.03, 8.92, 188, 104, 42, 15.098, 16.204, 0, 333, 182, 57.51, 74.42, 12.74, 0, 0, 0, 6.84, 0, 0, 5, 8, 0.305, NULL),
(340, 340, 5, 23, 8.7, 138, 160.333, 28, 1.34, 1.76, 0.72, 334, 120.25, 5.63, 5.88, 0.8, 0, 0, 0, 0.49, 1.02, 5.03, 5, 2, 0, NULL),
(341, 341, 8, 20.6, 11.8, 174, 127.333, 50, 1.04, 1.22, 0.76, 335, 12.2, 2.53, 2.47, 0.69, 0, 0, 0, 0.29, 1.47, 1.94, 2, 2, 0, NULL),
(342, 342, 5, 18.5, 6, 190, 65.3333, 22, 0.98, 1.46, 0.8, 336, 16.4, 3.5, 2.78, 1.14, 0, 0, 0, 0.35, 0.81, 2.22, 2, 2, 0, NULL),
(343, 343, 2, 14.94, 4.52, 191, 154.667, 43, 10.994, 8.21, 0, 337, 17.972, 31.126, 31.986, 6.78, 0, 0, 0, 4.092, 0, 0, 2, 4, 0.195, NULL),
(344, 344, 5, 21.7, 6.2, 190, 74.6667, 22, 0, 0, 0, 338, 14.404, 28.756, 29.618, 9.3, 0, 0, 0, 3.894, 0, 0, 2.6, 5, 0, NULL),
(345, 345, 2, 11.504, 3.436, 192, 101.333, 19, 9.888, 6.288, 0, 339, 23.142, 41.452, 31.892, 6.078, 0, 0, 0, 4.194, 0, 0, 2, 5, 0.25, NULL),
(346, 346, 8, 10.168, 3.316, 193, 175.333, 19, 10.866, 5.89, 0, 340, 4.356, 18.966, 19.868, 3.966, 0, 0, 0, 1.456, 0, 0, 2.4, 5, 0.19, NULL),
(347, 347, 2, 10.994, 3.538, 194, 175.333, 19, 6.542, 10.13, 0, 341, 6.772, 20.956, 23.412, 5.97, 0, 0, 0, 2.572, 0, 0, 3, 4, 0.175, NULL),
(348, 348, 2, 12.596, 3.586, 195, 175.333, 19, 10.01, 5.918, 0, 342, 3.43, 17.824, 18.24, 5.446, 0, 0, 0, 1.27, 0, 0, 2.4, 5, 0.165, NULL),
(349, 349, 1, 11.434, 3.024, 196, 74, 19, 11.804, 8.348, 0, 343, 16.32, 27.502, 31.848, 6.656, 0, 0, 0, 2.582, 0, 0, 3, 7, 0.17, NULL),
(350, 350, 1, 0, 0, 197, 183.333, 19, 0, 0, 0, 344, 28.412, 30.822, 39.136, 6.642, 0, 0, 0, 4.53, 0, 0, 2.6, 5, 0.2, NULL),
(351, 351, 1, 0, 0, 197, 155.333, 19, 0, 0, 0, 345, 12.726, 26.922, 28.296, 6.132, 0, 0, 0, 2.916, 0, 0, 2.8, 4, 0.175, NULL),
(352, 352, 1, 0, 0, 197, 66, 19, 0, 0, 0, 346, 13.084, 27.582, 28.016, 5.522, 0, 0, 0, 3.41, 0, 0, 2.4, 4, 0.24, NULL),
(353, 353, 1, 0, 0, 197, 146, 19, 0, 0, 0, 347, 13.31, 27.78, 29.044, 8.344, 0, 0, 0, 2.892, 0, 0, 2.8, 2, 0, NULL),
(354, 354, 2, 16.006, 5.002, 198, 121.333, 19, 11.854, 7.19, 0, 348, 17.36, 32.194, 30.402, 6.566, 0, 0, 0, 3.362, 0, 0, 2, 4, 0.24, NULL),
(355, 355, 5, 23.8, 6.7, 45, 122.333, 51, 0, 0, 0, 349, 15.098, 29.998, 29.85, 8.684, 0, 0, 0, 2.838, 0, 0, 2, 4, 0.245, NULL),
(356, 356, 6, 14.834, 4.866, 199, 135.667, 19, 13.494, 11.096, 0, 350, 44.524, 38.136, 44.26, 6.736, 0, 0, 0, 4.916, 0, 0, 2.8, 4, 0.27, NULL),
(357, 357, 6, 15.168, 4.868, 200, 100, 19, 10.466, 9.2, 0, 351, 56.092, 44.756, 48.816, 6.108, 0, 0, 0, 4.81, 0, 0, 3, 6, 0.34, NULL),
(358, 358, 7, 24.2, 8, 45, 129, 25, 0, 0, 0, 352, 55.545, 42.315, 48.72, 8.91, 0, 0, 0, 5.23, 0, 0, 3, 9, 0.265, NULL),
(359, 359, 7, 24.4, 8.3, 45, 106, 40, 0, 0, 0, 353, 26.334, 32.6, 39.114, 10.5, 0, 0, 0, 4.2, 0, 0, 3, 9, 0.28, NULL),
(360, 360, 7, 26.7, 8.7, 45, 111.667, 40, 0, 0, 0, 354, 28.28, 35.5975, 38.0525, 9.9325, 0, 0, 0, 3.71, 0, 0, 3.25, 6, 0.275, NULL),
(361, 361, 8, 0, 0, 201, 113, 19, 11.024, 7.8, 0, 355, 5.504, 20.436, 22.016, 5.742, 0, 0, 0, 1.874, 0, 0, 2.2, 5, 0.17, NULL),
(362, 362, 2, 14.192, 4.394, 194, 112, 19, 10.702, 6.402, 0, 356, 11.596, 24.218, 28.734, 5.572, 0, 0, 0, 2.386, 0, 0, 3.2, 5, 0.22, NULL),
(363, 363, 2, 15.832, 4.544, 202, 110, 19, 12.034, 8.502, 0, 357, 29.734, 46.762, 34.706, 6.28, 0, 0, 0, 4.142, 0, 0, 2, 5, 0.265, NULL),
(364, 364, 4, 22.26, 7.61, 137, 109.667, 40, 0, 0, 0, 358, 30.556, 44.606, 36.128, 7.87, 0, 0, 0, 4.466, 0, 0, 2, 7, 0, NULL),
(365, 365, 2, 14.7, 4.68, 203, 112.667, 44, 13.336, 12.922, 0, 359, 182.7, 57.626, 75.554, 12.526, 0, 0, 0, 5.068, 0, 0, 9, 7, 0.32, NULL),
(366, 366, 2, 0, 0, 204, 108.667, 44, 0, 0, 0, 360, 39.62, 48.264, 39.85, 9.172, 0, 0, 0, 5.996, 0, 0, 2.2, 5, 0, NULL),
(367, 367, 2, 14.098, 4.35, 205, 87.6667, 19, 14.25, 8.79, 0, 361, 21.118, 33.348, 33.33, 7.254, 0, 0, 0, 4.644, 0, 0, 2.2, 4, 0.3, NULL),
(368, 368, 2, 0, 0, 206, 87.6667, 19, 0, 0, 0, 362, 18.446, 31.964, 31.816, 8.79, 0, 0, 0, 4.028, 0, 0, 2, 5, 0.3, NULL),
(369, 369, 2, 0, 0, 206, 100, 19, 0, 0, 0, 363, 20.304, 35.686, 32.358, 9.482, 0, 0, 0, 4.516, 0, 0, 2.4, 5, 0.29, NULL),
(370, 370, 5, 22.2, 8.2, 207, 94, 40, 0, 0, 0, 364, 44.636, 42.674, 44.782, 9.392, 0, 0, 0, 5.362, 0, 0, 2.6, 5, 0.3, NULL),
(371, 371, 5, 0, 0, 208, 86, 19, 0, 0, 0, 365, 23.958, 36.68, 33.57, 9.5, 0, 0, 0, 5.142, 0, 0, 2, 4, 0.305, NULL),
(372, 372, 5, 0, 0, 208, 83.6667, 19, 0, 0, 0, 366, 21.382, 35.218, 32.348, 9.864, 0, 0, 0, 5.034, 0, 0, 2, 5, 0.29, NULL),
(373, 373, 8, 9.894, 3.582, 164, 93.6667, 19, 9.652, 6.69, 0, 367, 14.148, 28.274, 29.054, 6.046, 0, 0, 0, 2.744, 0, 0, 2.2, 4, 0.235, NULL),
(374, 374, 8, 8.886, 2.854, 209, 84.3333, 19, 8.458, 4.734, 0, 368, 4.86, 20.536, 20.7, 5.692, 0, 0, 0, 1.752, 0, 0, 2.6, 4, 0.225, NULL),
(375, 375, 2, 13.622, 4.53, 210, 145.333, 19, 11.988, 8.79, 0, 369, 30.954, 38.868, 37.782, 10.142, 0, 0, 0, 5.11, 0, 0, 2, 5, 0.29, NULL),
(376, 376, 5, 23.6, 7.6, 73, 96.3333, 46, 0, 0, 0, 370, 32.544, 39.64, 37.436, 7.638, 0, 0, 0, 6.224, 0, 0, 2, 5, 0.33, NULL),
(377, 377, 4, 17.7, 7.4, 73, 149.333, 40, 0, 0, 0, 371, 31.342, 45.44, 36.056, 9.508, 0, 0, 0, 4.7575, 0, 0, 2.2, 5, 0.18, NULL),
(378, 378, 8, 18.2, 8.6, 73, 149, 40, 0, 0, 0, 372, 35.238, 41.998, 39.866, 10.586, 0, 0, 0, 4.988, 0, 0, 2.2, 5, 0, NULL),
(379, 379, 10, 23.4, 9.2, 134, 141, 40, 0, 0, 0, 373, 38.656, 50.01, 39.004, 8.88, 0, 0, 0, 6.534, 0, 0, 2.6, 4, 0, NULL),
(380, 380, 12, 20.8, 6.8, 134, 165.333, 40, 0, 0, 0, 374, 24.262, 42.36, 31.622, 8.726, 0, 0, 0, 4.914, 0, 0, 2, 4, 0.28, NULL),
(381, 381, 2, 14.776, 3.846, 211, 142.333, 19, 9.396, 6.328, 0, 375, 7.944, 23.72, 24.554, 5.888, 0, 0, 0, 1.634, 0, 0, 2.8, 7, 0.18, NULL),
(382, 382, 8, 10.882, 3.252, 212, 143, 19, 13.084, 9.642, 0, 376, 22.636, 35.438, 33.076, 6.916, 0, 0, 0, 4.58, 0, 0, 2, 7, 0.275, NULL),
(383, 383, 8, 0, 0, 213, 152.667, 52, 0, 0, 0, 377, 20.8, 33.36, 33.296, 7.182, 0, 0, 0, 4.444, 0, 0, 2, 4, 0.225, NULL),
(384, 384, 8, 0, 0, 214, 134.667, 52, 0, 0, 0, 378, 17.2, 29.522, 30.764, 7.564, 0, 0, 0, 4.128, 0, 0, 2, 4, 0.235, NULL),
(385, 385, 8, 17.95, 4.858, 215, 102.667, 19, 11.262, 8.148, 0, 379, 31.4, 43.294, 37.64, 7.65, 0, 0, 0, 4.762, 0, 0, 2.2, 7, 0.25, NULL),
(386, 386, 2, 15.986, 5.866, 216, 112.667, 19, 12.148, 6.048, 0, 380, 16.876, 29.896, 26.608, 7.278, 0, 0, 0, 4.66, 0, 0, 2.2, 5, 0.295, NULL),
(387, 387, 7, 18.142, 5.71, 217, 111.333, 19, 13.642, 9.386, 0, 381, 37.3, 52.336, 36.53, 9.332, 0, 0, 0, 5.758, 0, 0, 2, 5, 0.275, NULL),
(388, 388, 12, 24.5, 7.5, 218, 97.6667, 46, 0, 0, 0, 382, 43.634, 55.312, 40.338, 11.66, 0, 0, 0, 5.334, 0, 0, 2.4, 4, 0.26, NULL),
(389, 389, 8, 13.384, 4.578, 219, 83.6667, 19, 9.418, 6.64, 0, 383, 8.414, 23.93, 25.252, 4.864, 0, 0, 0, 2.326, 0, 0, 2.2, 4, 0.235, NULL),
(390, 390, 8, 0, 0, 220, 94.3333, 19, 0, 0, 0, 384, 8.63, 23.714, 25.854, 5.72, 0, 0, 0, 2.454, 0, 0, 2, 5, 0, NULL),
(391, 391, 2, 19.86, 6.87, 221, 97.3333, 32, 9.684, 6.41, 0, 385, 8.536, 22.612, 25.336, 5.97, 0, 0, 0, 1.882, 0, 0, 2.4, 5, 0.195, NULL),
(392, 392, 2, 0, 0, 222, 139.333, 19, 0, 0, 0, 386, 27.732, 31.788, 38.582, 8.435, 0, 0, 0, 4.27, 0, 0, 3.4, 2, 0, NULL),
(393, 393, 2, 0, 0, 222, 125.333, 19, 0, 0, 0, 387, 12.552, 25.498, 29.408, 8.63, 0, 0, 0, 2.244, 0, 0, 2.4, 2, 0, NULL),
(394, 394, 8, 15.196, 4.15, 223, 0, 19, 10.142, 7.836, 0, 388, 33.266, 45.63, 38.466, 6.018, 0, 0, 0, 4.834, 0, 0, 2, 7, 0.25, NULL),
(395, 395, 11, 1.5, 0.65, 224, 0, 46, 0, 0, 0, 389, 11.9775, 25.9, 29.0775, 7.74333, 0, 0, 0, 2.816, 0, 0, 2, 4, 0, NULL),
(396, 396, 2, 14.19, 4.215, 194, 0, 19, 11.118, 6.922, 0, 390, 11.872, 25.604, 28.006, 6.004, 0, 0, 0, 2.222, 0, 0, 2.8, 4, 0.185, NULL),
(397, 397, 2, 16.916, 4.878, 225, 0, 32, 13.77, 14.748, 0, 391, 138.06, 59.656, 67.294, 12.286, 0, 0, 0, 5.936, 0, 0, 4.6, 7, 0.31, NULL),
(398, 398, 10, 20.9, 7.8, 226, 0, 46, 0, 0, 0, 392, 151.2, 59.338, 65.784, 11.61, 0, 0, 0, 6.002, 0, 0, 5.6, 8, 0.33, NULL);
INSERT INTO `fact_tomato` (`id_fact_tomato`, `id_accession_number`, `id_seeding`, `primary_leaf_length_mm`, `primary_leaf_width_mm`, `id_plant`, `vine_length_cm`, `id_flower`, `petal_length_cm`, `sepal_length_cm`, `stamen_length_cm`, `id_fruit`, `fruit_weight_g`, `fruit_length_mm`, `fruit_width_mm`, `pedicel_length_mm`, `pedicel_length_from_abscission_layer`, `width_of_pedicel_scar_mm`, `size_of_corky_area_around_pedicel_scar_cm`, `thickness_of_fruit_wall_skin_mm`, `thickness_of_pericarp_mm`, `size_of_score_mm`, `number_of_locules`, `id_seed`, `1000_seed_weight_g`, `id_photo`) VALUES
(399, 399, 10, 25.5, 8.1, 224, 0, 46, 0, 0, 0, 393, 61.788, 45.424, 48.9, 9.904, 0, 0, 0, 5.536, 0, 0, 2.8, 4, 0.305, NULL),
(400, 400, 10, 15.9, 7.7, 224, 0, 46, 0, 0, 0, 394, 108.9, 52.656, 61.906, 10.426, 0, 0, 0, 5.032, 0, 0, 4.8, 5, 0.23, NULL),
(401, 401, 10, 21.3, 8.4, 226, 0, 46, 0, 0, 0, 395, 166, 59.945, 71.605, 11.295, 0, 0, 0, 5.765, 0, 0, 7.5, 5, 0, NULL),
(402, 402, 11, 22.7, 9.1, 190, 0, 40, 0, 0, 0, 396, 128, 56.84, 61.63, 12.79, 0, 0, 0, 6.49, 0, 0, 4, 7, 0, NULL),
(403, 403, 2, 21.98, 5.916, 227, 0, 19, 13.658, 12.214, 0, 397, 93.738, 60.084, 55.412, 10.438, 0, 0, 0, 8.422, 0, 0, 2.4, 5, 0.35, NULL),
(404, 404, 10, 24, 8.1, 137, 0, 46, 0, 0, 0, 398, 111.792, 60.254, 61.452, 10.094, 0, 0, 0, 8.168, 0, 0, 2.6, 5, 0.36, NULL),
(405, 405, 2, 14.864, 3.908, 228, 0, 43, 13.282, 13.712, 0, 399, 122.59, 51.332, 66.894, 10.61, 0, 0, 0, 5.906, 0, 0, 6.4, 5, 0.255, NULL),
(406, 406, 2, 14.776, 4.93, 229, 0, 44, 15.912, 13.826, 0, 400, 73.184, 59.602, 47.612, 12.2, 0, 0, 0, 5.518, 0, 0, 2, 5, 0.285, NULL),
(407, 407, 2, 12.504, 3.976, 195, 0, 19, 9.886, 5.568, 0, 401, 6.004, 20.486, 23.268, 6.692, 0, 0, 0, 2.112, 0, 0, 2.2, 4, 0.145, NULL),
(408, 408, 2, 22.69, 6.716, 230, 0, 19, 11.042, 8.414, 0, 402, 22.882, 31.342, 35.438, 6.54, 0, 0, 0, 3.614, 0, 0, 3.6, 5, 0.325, NULL),
(409, 409, 2, 0, 0, 231, 0, 19, 0, 0, 0, 403, 22.6, 33.546, 34.4, 8.334, 0, 0, 0, 4.204, 0, 0, 3, 5, 0.24, NULL),
(410, 410, 2, 0, 0, 231, 0, 19, 0, 0, 0, 404, 29.094, 36.114, 36.936, 7.478, 0, 0, 0, 4.606, 0, 0, 3.4, 5, 0.28, NULL),
(411, 411, 2, 13.5625, 4.74, 232, 0, 34, 9.428, 5.962, 0, 405, 6.238, 20.554, 23.268, 5.524, 0, 0, 0, 1.65, 0, 0, 2.2, 5, 0.14, NULL),
(412, 412, 2, 17.066, 5.276, 233, 0, 53, 11.34, 13.198, 0, 406, 111.26, 64.854, 45.524, 9.582, 0, 0, 0, 4.606, 0, 0, 11, 5, 0.315, NULL),
(413, 413, 8, 19.44, 5.18, 234, 0, 54, 0.93, 0.894, 0, 407, 14, 32.16, 29.84, 9.45, 0, 0, 0, 2.94, 0, 0, 2, 5, 0.16, NULL),
(414, 414, 8, 17.38, 5.04, 235, 0, 55, 0.79, 0.542, 0, 408, 3.8, 16.62, 19.08, 0, 0, 0, 0, 1.2, 0, 0, 2, 5, 0.099, NULL),
(415, 415, 2, 13, 4.26, 236, 0, 55, 0.926, 0.692, 0, 409, 5.6, 18.8, 21.54, 4.86, 0, 0, 0, 1.44, 0, 0, 2, 10, 0.11, NULL),
(416, 416, 5, 20.99, 6.81, 137, 0, 22, 0, 0, 0, 410, 0, 0, 0, 0, 0, 0, 0, 0, 0, 0, 0, 2, 0, NULL),
(417, 417, 5, 21.6, 7.49, 137, 0, 22, 0, 0, 0, 411, 0, 0, 0, 0, 0, 0, 0, 0, 0, 0, 0, 2, 0, NULL),
(418, 418, 11, 19.57, 7.35, 121, 0, 21, 0, 0, 0, 412, 0, 0, 0, 0, 0, 0, 0, 0, 0, 0, 0, 2, 0, NULL),
(419, 419, 6, 13.41, 4.1, 45, 0, 21, 0, 0, 0, 413, 0, 0, 0, 0, 0, 0, 0, 0, 0, 0, 0, 2, 0, NULL),
(420, 420, 6, 13.2, 4.1, 226, 0, 22, 0, 0, 0, 414, 0, 0, 0, 0, 0, 0, 0, 0, 0, 0, 0, 2, 0, NULL),
(421, 421, 7, 21.08, 6.52, 79, 0, 21, 0, 0, 0, 415, 0, 0, 0, 0, 0, 0, 0, 0, 0, 0, 0, 2, 0, NULL),
(422, 422, 7, 19.73, 6.44, 237, 0, 21, 0, 0, 0, 416, 0, 0, 0, 0, 0, 0, 0, 0, 0, 0, 0, 2, 0, NULL),
(423, 423, 12, 18.64, 7.72, 45, 0, 22, 0, 0, 0, 417, 0, 0, 0, 0, 0, 0, 0, 0, 0, 0, 0, 2, 0, NULL),
(424, 424, 12, 23.61, 7.38, 45, 0, 22, 0, 0, 0, 418, 0, 0, 0, 0, 0, 0, 0, 0, 0, 0, 0, 2, 0, NULL),
(425, 425, 12, 18.02, 6.95, 79, 0, 21, 0, 0, 0, 419, 0, 0, 0, 0, 0, 0, 0, 0, 0, 0, 0, 2, 0, NULL),
(426, 426, 7, 16.11, 6.21, 238, 0, 22, 0, 0, 0, 420, 0, 0, 0, 0, 0, 0, 0, 0, 0, 0, 0, 2, 0, NULL),
(427, 427, 8, 18.26, 6.07, 239, 0, 22, 0, 0, 0, 421, 0, 0, 0, 0, 0, 0, 0, 0, 0, 0, 0, 2, 0, NULL),
(428, 428, 7, 18.17, 6.62, 218, 0, 22, 0, 0, 0, 422, 0, 0, 0, 0, 0, 0, 0, 0, 0, 0, 0, 2, 0, NULL),
(429, 429, 12, 19.48, 6.84, 218, 0, 22, 0, 0, 0, 423, 0, 0, 0, 0, 0, 0, 0, 0, 0, 0, 0, 2, 0, NULL),
(430, 430, 12, 20.81, 8.07, 218, 0, 22, 0, 0, 0, 424, 0, 0, 0, 0, 0, 0, 0, 0, 0, 0, 0, 2, 0, NULL),
(431, 431, 7, 21.43, 7.03, 45, 0, 56, 0, 0, 0, 425, 0, 0, 0, 0, 0, 0, 0, 0, 0, 0, 0, 2, 0, NULL),
(432, 432, 7, 19.54, 7.29, 218, 0, 22, 0, 0, 0, 426, 0, 0, 0, 0, 0, 0, 0, 0, 0, 0, 0, 2, 0, NULL),
(433, 433, 7, 19.36, 6.85, 218, 0, 28, 0, 0, 0, 427, 0, 0, 0, 0, 0, 0, 0, 0, 0, 0, 0, 2, 0, NULL),
(434, 434, 12, 18.68, 6.64, 218, 0, 28, 0, 0, 0, 428, 0, 0, 0, 0, 0, 0, 0, 0, 0, 0, 0, 2, 0, NULL),
(435, 435, 12, 18.9, 6.08, 240, 0, 22, 0, 0, 0, 429, 0, 0, 0, 0, 0, 0, 0, 0, 0, 0, 0, 2, 0, NULL),
(436, 436, 12, 22.14, 5.61, 241, 0, 21, 0, 0, 0, 430, 0, 0, 0, 0, 0, 0, 0, 0, 0, 0, 0, 2, 0, NULL),
(437, 437, 7, 20.12, 6.24, 75, 0, 21, 0, 0, 0, 431, 0, 0, 0, 0, 0, 0, 0, 0, 0, 0, 0, 2, 0, NULL),
(438, 438, 7, 23.49, 7.83, 237, 0, 22, 0, 0, 0, 432, 0, 0, 0, 0, 0, 0, 0, 0, 0, 0, 0, 2, 0, NULL),
(439, 439, 6, 22.82, 8.12, 237, 0, 22, 0, 0, 0, 433, 0, 0, 0, 0, 0, 0, 0, 0, 0, 0, 0, 2, 0, NULL),
(440, 440, 7, 19.11, 7.19, 237, 0, 28, 0, 0, 0, 434, 0, 0, 0, 0, 0, 0, 0, 0, 0, 0, 0, 2, 0, NULL),
(441, 441, 5, 22.93, 7.73, 242, 0, 57, 0, 0, 0, 435, 0, 0, 0, 0, 0, 0, 0, 0, 0, 0, 0, 2, 0, NULL),
(442, 442, 8, 22.94, 7.56, 243, 0, 57, 0, 0, 0, 436, 0, 0, 0, 0, 0, 0, 0, 0, 0, 0, 0, 2, 0, NULL),
(443, 443, 10, 0.733333, 3.5, 244, 0, 58, 1.43667, 1.04, 1.07, 437, 21.3333, 4.71, 2.75667, 11.3333, 1.36667, 0.183333, 0.363333, 0.343333, 0.133333, 0, 0, 11, 1.6, NULL),
(444, 444, 10, 0.766667, 3.6, 245, 0, 58, 1.18333, 0.836667, 0.986667, 438, 15.3333, 3.34333, 2.89333, 8.96667, 0.636667, 0.156667, 0.41, 0.276667, 0.1, 0, 0, 4, 1.86, NULL),
(445, 445, 4, 0.7, 3.4, 245, 0, 58, 1.33333, 1.51, 1.23667, 439, 31, 6.265, 2.92, 9.36667, 0.96, 0.185, 0.54, 0.58, 0.233333, 0, 0, 6, 2.1, NULL),
(446, 446, 7, 0.566667, 3.36667, 245, 0, 58, 1.34667, 0.846667, 1.05, 440, 21.3333, 4.03, 3.12333, 8.16667, 0.926667, 0.113333, 0.4, 0.563333, 0.1, 0, 0, 5, 1.73, NULL),
(447, 447, 4, 0.5, 3.16667, 247, 0, 58, 1.04333, 0.836667, 0.883333, 441, 10.3333, 2.52, 2.65333, 8.3, 0.743333, 0.17, 0.456667, 0.2, 0.1, 0, 0, 12, 1.46, NULL),
(448, 448, 4, 0.766667, 3.83333, 247, 0, 59, 1.01333, 0.91, 0.926667, 442, 14.6667, 2.59, 2.89667, 8.3, 0.833333, 0.193333, 0.523333, 0.253333, 0.166667, 0, 0, 4, 1.33, NULL),
(449, 449, 5, 0.866667, 4.33333, 249, 0, 59, 1.19, 0.84, 0.96, 443, 48.6667, 5.28333, 4.29333, 10.2333, 1.25333, 0.19, 0.496667, 0.5, 0.133333, 0, 0, 11, 2.9, NULL),
(450, 450, 5, 0.666667, 3.5, 245, 0, 59, 1.12, 0.75, 0.79, 444, 18, 3.49, 3.23333, 8.33333, 0.8, 0.286667, 0.92, 0.333333, 0.1, 0, 0, 11, 1.93, NULL),
(451, 451, 4, 0.633333, 3.83333, 245, 0, 59, 1.10333, 0.73, 0.73, 445, 25.6667, 4.25333, 2.85667, 7.7, 0.763333, 0.133333, 0.31, 0.49, 0.233333, 0, 0, 6, 2.1, NULL),
(452, 452, 4, 0.666667, 3.6, 245, 0, 60, 0.98, 0.81, 0.78, 446, 42.3333, 3.64667, 4.68333, 9.26667, 0.973333, 0.213333, 0.576667, 0.356667, 0.3, 0, 0, 11, 1.83, NULL),
(453, 453, 5, 0.933333, 4.16667, 251, 0, 59, 1.03333, 1.19, 0.763333, 447, 63.6667, 4.90667, 4.89333, 8.73333, 0.99, 0.52, 0.926667, 0.88, 0.266667, 0, 0, 6, 2.56, NULL),
(454, 454, 10, 0.866667, 3.9, 247, 0, 60, 0.943333, 0.926667, 1.11333, 448, 66, 4.52333, 4.89333, 14.7, 1.17667, 0.416667, 1.21, 0.45, 0.233333, 0, 0, 6, 2.63, NULL),
(455, 455, 2, 0.8, 3.6, 252, 0, 59, 1.08667, 0.923333, 0.956667, 449, 90.6667, 5.43667, 5.58667, 10.4667, 0.956667, 0.44, 1.44333, 0.73, 0.266667, 0, 0, 11, 2.7, NULL),
(456, 456, 2, 0.666667, 3.33333, 252, 0, 59, 0.99, 0.956667, 0.87, 450, 70.3333, 4.80667, 5.11, 15.1, 1.15, 0.536667, 1.43, 0.54, 0.166667, 0, 0, 5, 2.66, NULL),
(457, 457, 4, 0.7, 3.5, 254, 0, 59, 1.06333, 1.03333, 1.28333, 451, 76, 4.93333, 5.16, 13.8, 1.01667, 0.506667, 1.21333, 0.73, 0.166667, 0, 0, 5, 2.86, NULL),
(458, 458, 4, 0.766667, 3.33333, 254, 0, 59, 1.05667, 0.993333, 0.82, 452, 85.3333, 5.79667, 5.18, 13.8333, 1.20667, 0.39, 1.06, 0.69, 0.3, 0, 0, 4, 3.1, NULL),
(459, 459, 10, 0.7, 3, 255, 0, 59, 1.19667, 0.933333, 0.85, 453, 49.6667, 4.7, 4.32, 10, 2.07333, 0.436667, 1.01667, 0.616667, 0.166667, 0, 0, 5, 2.76, NULL),
(460, 460, 4, 1, 3.66667, 247, 0, 59, 1.1, 1.11667, 0.873333, 454, 27, 3.48667, 3.61667, 9.73333, 0.81, 0.383333, 0.6, 0.553333, 0.2, 0, 0, 4, 2.16, NULL),
(461, 461, 4, 1, 3.66667, 256, 0, 59, 1.1, 1.11667, 0.873333, 455, 27, 3.48667, 3.61667, 9.73333, 0.81, 0.383333, 0.6, 0.553333, 0.2, 0, 0, 4, 2.16, NULL),
(462, 462, 4, 1, 3.66667, 247, 0, 59, 1.1, 1.11667, 0.873333, 455, 27, 3.48667, 3.61667, 9.73333, 0.81, 0.383333, 0.6, 0.553333, 0.2, 0, 0, 4, 2.16, NULL),
(463, 463, 10, 0.666667, 3.16667, 252, 0, 59, 1.02, 1.15667, 0.866667, 456, 62, 5.13333, 4.52, 18.4, 2.23, 0.27, 0.65, 0.57, 0.266667, 0, 0, 5, 2.16, NULL),
(464, 464, 4, 0.733333, 3.33333, 249, 0, 59, 1.16, 0.95, 0.826667, 457, 39, 4.41333, 3.9, 11.3333, 0.543333, 0.38, 0.666667, 0.576667, 0.166667, 0, 0, 6, 2.93, NULL),
(465, 465, 4, 0.833333, 4, 259, 0, 59, 1.21333, 1.55333, 0.783333, 458, 84.6667, 5.28667, 5.32, 12.2, 1.47333, 0.436667, 1.08, 0.673333, 0.266667, 0, 0, 11, 3.1, NULL),
(466, 466, 10, 0.733333, 3.16667, 251, 0, 59, 0.97, 0.77, 0.926667, 459, 62.3333, 4.56333, 4.82667, 9.4, 0.816667, 0.49, 0.906667, 0.49, 0.133333, 0, 0, 11, 2.46, NULL),
(467, 467, 11, 0.566667, 3.13333, 251, 0, 59, 1.14, 0.936667, 0.84, 460, 46, 4.88333, 4.05667, 11.6333, 1.2, 0.166667, 0.426667, 0.51, 0.166667, 0, 0, 11, 2.63, NULL),
(468, 468, 10, 0.966667, 4.16667, 259, 0, 59, 1.16667, 1.04667, 0.876667, 461, 33.6667, 3.72, 3.79, 13.4333, 1.11, 0.303333, 0.726667, 0.416667, 0.1, 0, 0, 11, 2.43, NULL),
(469, 469, 2, 0.766667, 3.5, 259, 0, 59, 1.24, 0.96, 0.843333, 462, 19, 2.76, 3.06, 9.9, 0.863333, 0.233333, 0.636667, 0.333333, 0.1, 0, 0, 6, 1.9, NULL),
(470, 470, 8, 0.8, 4.23333, 251, 0, 58, 0.963333, 0.853333, 0.886667, 463, 67, 4.87, 4.85667, 10.1667, 0.9, 0.343333, 0.776667, 0.693333, 0.266667, 0, 0, 5, 2.63, NULL),
(471, 471, 4, 0.766667, 3.73333, 263, 0, 59, 1.16333, 1.05, 0.78, 464, 98.3333, 5.12667, 5.77333, 11.5667, 1.19, 0.733333, 1.67667, 0.553333, 0.133333, 0, 0, 11, 2.8, NULL),
(472, 472, 4, 0.933333, 4, 264, 0, 59, 1.19, 0.993333, 0.853333, 465, 73.3333, 4.72667, 5.16667, 14.5667, 1.02333, 0.383333, 0.933333, 0.513333, 0.1, 0, 0, 11, 2.53, NULL),
(473, 473, 4, 0.9, 3.93333, 265, 0, 59, 1.05, 1.01, 0.79, 466, 58.3333, 4.88333, 4.51, 9.06667, 0.93, 0.376667, 0.916667, 0.59, 0.233333, 0, 0, 6, 2.66, NULL),
(474, 474, 4, 0.8, 3.6, 252, 0, 58, 1.34333, 1.1, 0.873333, 467, 100.667, 5.20667, 5.91667, 11.6, 1.20667, 0.68, 1.36333, 0.626667, 0.1, 0, 0, 11, 2.33, NULL),
(475, 475, 8, 0.766667, 3.66667, 259, 0, 58, 1.46667, 1.85333, 0.89, 468, 115.333, 5.42667, 6.07667, 20.2667, 1.32667, 0.653333, 1.87333, 0.783333, 0.133333, 0, 0, 6, 2.06, NULL),
(476, 476, 2, 0.7, 3.63333, 252, 0, 58, 1.17667, 0.91, 0.993333, 453, 77.6667, 5.85, 4.92667, 14.9, 1.44667, 0.426667, 1.10667, 0.776667, 0.233333, 0, 0, 5, 2.86, NULL),
(477, 477, 4, 0.733333, 4, 256, 0, 59, 0.983333, 0.67, 0.863333, 469, 42.6667, 3.83667, 4.40667, 10.9, 0.51, 0.23, 0.816667, 0.41, 0.1, 0, 0, 5, 1.86, NULL),
(478, 478, 8, 0.666667, 4.33333, 259, 0, 59, 1.34333, 1.08667, 1.00667, 470, 33, 3.75, 3.7, 11.6667, 0.79, 0.346667, 0.6, 0.456667, 0.166667, 0, 0, 13, 1.86, NULL),
(479, 479, 8, 0.666667, 4.33333, 259, 0, 59, 1.34333, 1.08667, 1.00667, 470, 33, 3.75, 3.7, 11.6667, 0.79, 0.346667, 0.6, 0.456667, 0.166667, 0, 0, 13, 1.86, NULL),
(480, 480, 8, 0.666667, 4.33333, 259, 0, 59, 1.34333, 1.08667, 1.00667, 470, 33, 3.75, 3.7, 11.6667, 0.79, 0.346667, 0.6, 0.456667, 0.166667, 0, 0, 13, 1.86, NULL),
(481, 481, 4, 0.7, 2.73333, 252, 0, 61, 1.00667, 0.673333, 0.973333, 471, 46.6667, 4.55, 4.15333, 10.3667, 0.526667, 0.44, 0.746667, 0.316667, 0.1, 0, 0, 14, 2.13, NULL),
(482, 482, 3, 0.9, 4.23333, 266, 0, 58, 1.49, 1.01333, 1.09667, 472, 99, 6.00333, 5.41667, 14.1, 0.946667, 0.716667, 1.62667, 0.686667, 0.1, 0, 0, 6, 2.76, NULL),
(483, 483, 3, 0.833333, 4.23333, 245, 0, 58, 1.29, 1.49, 0.97, 473, 57.3333, 4.70667, 4.56667, 14.8333, 1.23333, 0.473333, 1.01667, 0.57, 0.333333, 0, 0, 4, 2.26, NULL),
(484, 484, 2, 0.766667, 3.56667, 268, 0, 59, 1.11667, 0.945333, 1.05333, 474, 95.6667, 4.75667, 5.80667, 9.56667, 0.973333, 0.463333, 1.26, 0.543333, 0.233333, 0, 0, 5, 1.86, NULL),
(485, 485, 10, 0.966667, 4.26667, 269, 0, 58, 1.5, 0.953333, 1.06, 475, 83.6667, 5.52, 5.25, 13.1667, 1.19333, 0.53, 1.76333, 0.626667, 0.366667, 0, 0, 6, 2.73, NULL),
(486, 486, 8, 0.9, 4.26667, 270, 0, 59, 1.37333, 1.38667, 1.13333, 476, 154.667, 5.40667, 7.06333, 11.8667, 0.8, 0.7, 2.03333, 0.553333, 0.2, 0, 0, 11, 2.5, NULL),
(487, 487, 2, 18.7, 11.3, 44, 0, 2, 1.13333, 0.666667, 0, 477, 91.3333, 4.47667, 5.88, 0.733333, 0.833333, 0, 0, 0.433333, 5.53333, 0.51, 42067, 2, 0, NULL),
(488, 488, 4, 21.3, 13.3, 272, 0, 2, 1.66667, 0.8, 0, 478, 118, 7.75333, 5.34667, 0.716667, 0.666667, 0, 0, 0.7, 6.73333, 0.4, 4, 2, 0, NULL),
(489, 489, 4, 22.3, 13.3, 273, 0, 2, 1.56667, 1.16667, 0, 479, 133.667, 6.55333, 6.55, 1.08667, 0.966667, 0, 0, 0.366667, 7.63333, 0.4, 4, 2, 0, NULL),
(490, 490, 7, 20.3, 10.7, 274, 0, 2, 1.43333, 0.933333, 0, 480, 142.667, 5.82667, 6.09667, 1.11, 0.8, 0, 0, 0.4, 5.03333, 0.72, 42130, 2, 0, NULL),
(491, 491, 7, 25, 14, 275, 0, 5, 1.56667, 1.13333, 0, 481, 90, 6.32667, 4.93667, 1.52667, 0, 0, 0, 0.3, 7, 0.45, 3, 2, 0, NULL),
(492, 492, 7, 20.7, 13.3, 276, 0, 5, 1.43333, 0.766667, 0, 482, 99, 5.68, 5.24, 0.82, 0.966667, 0, 0, 0.433333, 5, 0.51, 7, 2, 0, NULL),
(493, 493, 7, 18.3, 12.7, 277, 0, 2, 1.33333, 0.733333, 0, 483, 95, 6.5, 5.00333, 0.603333, 0.833333, 0, 0, 0.466667, 6.63333, 0.48, 3, 2, 0, NULL),
(494, 494, 6, 24, 13.3, 278, 0, 1, 1.46667, 0.766667, 0, 484, 82, 6.06667, 4.67667, 0.953333, 1.2, 0, 0, 0.4, 6.33333, 0.6, 3, 2, 0, NULL),
(495, 495, 4, 17.3, 12.7, 113, 0, 2, 1.23333, 1.06667, 0, 485, 148, 5.935, 6.25, 1.035, 1.13333, 0, 0, 0.533333, 5.13333, 0.5, 42099, 2, 0, NULL),
(496, 496, 7, 17.7, 10, 113, 0, 1, 1.2, 0.566667, 0, 486, 112, 7.84333, 4.71667, 1.15333, 1.06667, 0, 0, 0.366667, 6.93333, 0.58, 3, 2, 0, NULL),
(497, 497, 4, 19, 10.7, 57, 0, 1, 1.63333, 1.06667, 0, 487, 97, 7.88, 5.2, 0.98, 0.9, 0, 0, 0.466667, 6.7, 0.68, 3, 2, 0, NULL),
(498, 498, 4, 17.3, 10.7, 83, 0, 2, 1.2, 0.633333, 0, 488, 104, 6.21, 5.32667, 1.13667, 1.03333, 0, 0, 0.5, 6.96667, 0.58, 3, 2, 0, NULL),
(499, 499, 7, 22.7, 13.3, 44, 0, 5, 1.63333, 1.1, 0, 489, 110.333, 8.02667, 4.89667, 1.43333, 2.16667, 0, 0, 0.333333, 7.36667, 0.7, 3, 2, 0, NULL),
(500, 500, 7, 22.3, 13.7, 284, 0, 5, 1.6, 1.1, 0, 490, 100.333, 6.16333, 5.22667, 1.48333, 1.53333, 0, 0, 0.466667, 6.13333, 0.6, 42038, 2, 0, NULL),
(501, 501, 4, 20.7, 12.7, 285, 0, 1, 1.46667, 0.833333, 0, 491, 98.6667, 6.36667, 5.42333, 1.49333, 1.23333, 0, 0, 0.966667, 6.03333, 0.54, 3, 2, 0, NULL),
(502, 502, 7, 21, 13.7, 76, 0, 2, 1.56667, 0.8, 0, 492, 70, 5.37, 4.77333, 1.36667, 1.33333, 0, 0, 0.713333, 6.13333, 0.65, 42038, 2, 0, NULL),
(503, 503, 2, 19.3, 11.3, 287, 0, 6, 1.5, 0.733333, 0, 493, 75, 5.33, 5.02, 1.32333, 1.1, 0, 0, 0.366667, 5.33333, 0.5, 42038, 2, 0, NULL),
(504, 504, 4, 21.7, 15, 76, 0, 5, 1.43333, 1, 0, 494, 80.6667, 6.92667, 4.37, 1.16333, 0.766667, 0, 0, 1.2, 6.03333, 0.6, 42038, 2, 0, NULL),
(505, 505, 4, 24.3, 17.3, 289, 0, 1, 1.73333, 0.933333, 0, 495, 56.3333, 4.53333, 4.51, 0.796667, 0.533333, 0, 0, 0.4, 4.9, 0.4, 4, 2, 0, NULL),
(506, 506, 4, 13.7, 10.7, 284, 0, 6, 1.23333, 0.7, 0, 496, 29, 3.66, 3.68667, 0.96, 0.833333, 0, 0, 0.366667, 4.4, 0.25, 2, 2, 0, NULL),
(507, 507, 4, 17.3, 10, 274, 0, 5, 1.3, 0.533333, 0, 497, 16, 2.71333, 3.06, 1.01667, 0.333333, 0, 0, 0.466667, 2.33333, 0.2, 42038, 2, 0, NULL),
(508, 508, 4, 14, 9.7, 76, 0, 6, 1.5, 0.766667, 0, 498, 69.6667, 4.90667, 5.03667, 1.01333, 0.633333, 0, 0, 0.533333, 5.13333, 0.35, 42038, 2, 0, NULL),
(509, 509, 4, 11.3, 9.3, 113, 0, 6, 1.43333, 0.733333, 0, 499, 29, 4.21667, 3.53667, 1.05667, 0.533333, 0, 0, 1.26667, 4.43333, 0.39, 2, 2, 0, NULL),
(510, 510, 4, 18, 8, 2, 0, 2, 1.53333, 0.866667, 0, 500, 26.6667, 3.28667, 3.67, 1.09333, 0.733333, 0, 0, 0.8, 3.53333, 0.15, 3, 2, 0, NULL),
(511, 511, 4, 21.7, 11, 1, 0, 1, 1.53333, 1.1, 0, 501, 46.6667, 3.86, 4.44333, 0.713333, 1.06667, 0, 0, 0.433333, 5, 0.5, 2, 2, 0, NULL),
(512, 512, 4, 22, 12.3, 295, 0, 1, 1.46667, 0.533333, 0, 502, 21.3333, 3.20333, 3.22333, 0.46, 0.366667, 0, 0, 0.233333, 3.5, 0.2, 2, 2, 0, NULL),
(513, 513, 4, 19.3, 10.7, 274, 0, 6, 1.6, 0.9, 0, 503, 79, 4.76, 5.36, 1.04333, 0.733333, 0, 0, 0.48, 5.16667, 0.4, 2, 2, 0, NULL),
(514, 514, 4, 17.3, 12.3, 297, 0, 6, 1.46667, 0.8, 0, 504, 58, 5.02333, 4.42667, 1.09667, 0.666667, 0, 0, 0.7, 5.86667, 0.21, 2, 2, 0, NULL),
(515, 515, 4, 14.7, 11.7, 82, 0, 2, 1.16667, 0.533333, 0, 505, 23.6667, 3.97, 3.22333, 1.1, 0.933333, 0, 0, 0.8, 4.16667, 0.3, 2, 2, 0, NULL),
(516, 516, 7, 15, 10.7, 299, 0, 5, 1.66667, 1.1, 0, 503, 27.3333, 4.70667, 3.10333, 0.943333, 0.766667, 0, 0, 0.3, 3.73333, 0.2, 2, 2, 0, NULL),
(517, 517, 2, 16.3, 11, 76, 0, 6, 1.36667, 1.23333, 0, 506, 66, 4.26667, 4.84, 1.6, 1.13333, 0, 0, 0.333333, 4.46667, 0.38, 42068, 2, 0, NULL),
(518, 518, 7, 18, 12, 274, 0, 1, 1.4, 0.933333, 0, 507, 55.3333, 4.72333, 4.50333, 1.12, 0.633333, 0, 0, 0.433333, 6.03333, 0.43, 42038, 2, 0, NULL),
(519, 519, 7, 18.3, 10.7, 83, 0, 1, 1.56667, 1, 0, 508, 10, 2.43, 2.53, 0.706667, 0.733333, 0, 0, 0.766667, 2.63333, 0.55, 2, 2, 0, NULL),
(520, 520, 7, 20.3, 12, 303, 0, 2, 1.96667, 1, 0, 509, 111, 5.92333, 5.46667, 1.10333, 1.16667, 0, 0, 0.333333, 6.7, 0.75, 3, 2, 0, NULL),
(521, 521, 2, 21.7, 14, 304, 0, 1, 1.5, 0.966667, 0, 510, 15.6667, 3.88667, 2.52667, 1.12333, 0.566667, 0, 0, 0.433333, 3.83333, 0.28, 2, 2, 0, NULL),
(522, 522, 4, 19.3, 10, 84, 0, 2, 1.83333, 0.766667, 0, 511, 88.3333, 5.96, 4.94333, 1.35, 1.93333, 0, 0, 0.466667, 6.43333, 0.6, 2, 2, 0, NULL),
(523, 523, 2, 17.7, 11, 76, 0, 2, 1.16667, 0.8, 0, 512, 126, 6.35667, 5.72, 1.02667, 1.13333, 0, 0, 0.333333, 6.3, 0.7, 3, 2, 0, NULL),
(524, 524, 4, 14.3, 9.3, 57, 0, 2, 1.16667, 0.666667, 0, 513, 10, 2.41333, 2.59667, 0.7, 0.533333, 0, 0, 0.566667, 2.23333, 0.2, 42038, 2, 0, NULL),
(525, 525, 2, 17.3, 10.7, 76, 0, 8, 1.2, 0.8, 0, 514, 49, 3.00667, 4.57667, 0.506667, 0.6, 0, 0, 0.2, 3.46667, 0.5, 6, 2, 0, NULL);

-- --------------------------------------------------------

--
-- Table structure for table `flesh_colour_intensity`
--

CREATE TABLE `flesh_colour_intensity` (
  `id_flesh_colour_intensity` int(11) NOT NULL,
  `flesh_colour_intensity` varchar(255) COLLATE utf32_unicode_ci NOT NULL
) ENGINE=InnoDB DEFAULT CHARSET=utf32 COLLATE=utf32_unicode_ci;

--
-- Dumping data for table `flesh_colour_intensity`
--

INSERT INTO `flesh_colour_intensity` (`id_flesh_colour_intensity`, `flesh_colour_intensity`) VALUES
(1, 'intermediate'),
(2, 'dark'),
(3, 'light');

-- --------------------------------------------------------

--
-- Table structure for table `flesh_colour_of_peiricarp_interior`
--

CREATE TABLE `flesh_colour_of_peiricarp_interior` (
  `id_flesh_colour_of_peiricarp_interior` int(11) NOT NULL,
  `flesh_colour_of_peiricarp_interior` varchar(255) COLLATE utf32_unicode_ci NOT NULL
) ENGINE=InnoDB DEFAULT CHARSET=utf32 COLLATE=utf32_unicode_ci;

--
-- Dumping data for table `flesh_colour_of_peiricarp_interior`
--

INSERT INTO `flesh_colour_of_peiricarp_interior` (`id_flesh_colour_of_peiricarp_interior`, `flesh_colour_of_peiricarp_interior`) VALUES
(1, 'red'),
(2, 'pink'),
(3, 'orange'),
(4, 'green'),
(5, 'yellow'),
(6, 'orange red');

-- --------------------------------------------------------

--
-- Table structure for table `flower`
--

CREATE TABLE `flower` (
  `id_flower` int(11) NOT NULL,
  `id_inflorescence_type` int(11) DEFAULT NULL,
  `id_corolla_colour` int(11) DEFAULT NULL,
  `id_corolla_blossom_type` int(11) DEFAULT NULL,
  `id_flower_sterility_type` int(11) DEFAULT NULL,
  `id_style_position` int(11) DEFAULT NULL,
  `id_style_shape` int(11) DEFAULT NULL,
  `id_style_hairiness` int(11) DEFAULT NULL,
  `id_dehiscence` int(11) DEFAULT NULL
) ENGINE=InnoDB DEFAULT CHARSET=utf32 COLLATE=utf32_unicode_ci;

--
-- Dumping data for table `flower`
--

INSERT INTO `flower` (`id_flower`, `id_inflorescence_type`, `id_corolla_colour`, `id_corolla_blossom_type`, `id_flower_sterility_type`, `id_style_position`, `id_style_shape`, `id_style_hairiness`, `id_dehiscence`) VALUES
(1, 1, 1, 1, NULL, 1, 1, 1, NULL),
(2, 1, 1, 1, NULL, 2, 1, 1, NULL),
(3, 1, 1, 1, NULL, 3, 1, 1, NULL),
(4, 1, 1, 1, NULL, 4, 1, 1, NULL),
(5, 2, 1, 1, NULL, 2, 1, 1, NULL),
(6, 2, 1, 1, NULL, 1, 1, 1, NULL),
(7, 1, 1, 1, 1, 2, 1, 1, NULL),
(8, 2, 1, 1, NULL, 3, 1, 1, NULL),
(9, 2, 1, 1, 1, 3, 1, 1, NULL),
(10, 1, 1, 1, 1, 1, 1, 1, NULL),
(11, 3, 1, 1, 1, 3, 1, 1, NULL),
(12, 3, 1, 1, 1, 2, 1, 1, NULL),
(13, 3, 1, 1, NULL, 3, 1, 1, NULL),
(14, 3, 1, 1, NULL, 2, 1, 1, NULL),
(15, 2, 1, 1, NULL, 4, 1, 1, NULL),
(16, 3, 1, 1, NULL, 1, 1, 1, NULL),
(17, 3, 1, 1, 1, 1, 1, 1, NULL),
(18, 3, 1, 1, 1, 4, 1, 1, NULL),
(19, 1, 1, 1, NULL, 2, 1, 2, NULL),
(20, 3, 1, 1, 1, 1, 1, 1, 1),
(21, 3, 1, 1, 1, 1, 1, 2, 1),
(22, 3, 1, 1, 1, 2, 1, 2, 1),
(23, 3, 1, 1, 1, 4, 1, 2, 1),
(24, 3, NULL, NULL, NULL, 2, 1, 1, NULL),
(25, 1, 1, 1, 1, 3, 1, 2, 1),
(26, 3, 1, 1, 1, 4, 2, 2, 1),
(27, 3, 1, 1, NULL, 4, 1, 1, NULL),
(28, 3, 1, 1, 1, 3, 1, 2, 1),
(29, 1, 1, 1, NULL, 2, 1, 2, 1),
(30, 2, 1, 1, 1, 2, 1, 2, 1),
(31, NULL, 1, 1, 1, 2, 1, 2, 1),
(32, 1, 1, 1, 1, 2, 1, 2, NULL),
(33, 1, 1, 1, 1, 1, 1, 2, NULL),
(34, 2, 1, 1, NULL, 2, 1, 2, NULL),
(35, 3, NULL, NULL, NULL, 3, NULL, NULL, NULL),
(36, 3, NULL, NULL, NULL, 1, NULL, NULL, NULL),
(37, 3, NULL, NULL, NULL, 2, NULL, NULL, NULL),
(38, 3, NULL, NULL, NULL, 4, NULL, NULL, NULL),
(39, 2, 1, 1, 1, 1, 1, 2, 1),
(40, 1, 1, 1, 1, 2, 1, 2, 1),
(41, 2, 1, 1, 1, 4, 1, 2, 1),
(42, 3, 1, 1, 1, 2, 1, 2, NULL),
(43, 3, 1, 1, NULL, 2, 1, 2, NULL),
(44, 1, 1, 1, NULL, 1, 1, 2, NULL),
(45, NULL, NULL, NULL, NULL, NULL, NULL, NULL, NULL),
(46, 1, 1, 1, 1, 1, 1, 2, 1),
(47, 3, 1, NULL, NULL, 1, NULL, NULL, NULL),
(48, 3, 1, 1, 1, 1, NULL, NULL, NULL),
(49, 1, 1, 1, NULL, 3, 1, 2, NULL),
(50, NULL, NULL, NULL, NULL, 2, NULL, NULL, NULL),
(51, 1, 1, 1, 1, NULL, 1, 2, 1),
(52, 1, NULL, NULL, NULL, 2, 1, 2, NULL),
(53, 3, 1, 1, NULL, 4, 2, 2, NULL),
(54, 3, 1, 2, NULL, 2, 1, 1, NULL),
(55, 3, 1, 2, NULL, 3, 1, 1, NULL),
(56, 3, 1, 1, 1, 1, 2, 2, 1),
(57, 3, NULL, 1, 1, 2, 1, 2, 1),
(58, 1, 1, 1, 2, NULL, 1, 2, NULL),
(59, 2, 1, 1, 2, NULL, 1, 2, NULL),
(60, 2, 1, 1, 2, NULL, 2, 2, NULL),
(61, 1, 1, 1, 2, NULL, 2, 2, NULL);

-- --------------------------------------------------------

--
-- Table structure for table `flower_sterility_type`
--

CREATE TABLE `flower_sterility_type` (
  `id_flower_sterility_type` int(11) NOT NULL,
  `flower_sterility_type` varchar(255) COLLATE utf32_unicode_ci NOT NULL
) ENGINE=InnoDB DEFAULT CHARSET=utf32 COLLATE=utf32_unicode_ci;

--
-- Dumping data for table `flower_sterility_type`
--

INSERT INTO `flower_sterility_type` (`id_flower_sterility_type`, `flower_sterility_type`) VALUES
(1, 'functional'),
(2, 'pollen'),
(3, 'stemless');

-- --------------------------------------------------------

--
-- Table structure for table `foliage_density`
--

CREATE TABLE `foliage_density` (
  `id_foliage_density` int(11) NOT NULL,
  `foliage_density` varchar(255) COLLATE utf32_unicode_ci NOT NULL
) ENGINE=InnoDB DEFAULT CHARSET=utf32 COLLATE=utf32_unicode_ci;

--
-- Dumping data for table `foliage_density`
--

INSERT INTO `foliage_density` (`id_foliage_density`, `foliage_density`) VALUES
(1, 'dense'),
(2, 'intermediate'),
(3, 'sparse');

-- --------------------------------------------------------

--
-- Table structure for table `fruit`
--

CREATE TABLE `fruit` (
  `id_fruit` int(11) NOT NULL,
  `id_exterior_colour_of_immature_fruit` int(11) DEFAULT NULL,
  `id_presence_of_green_shoulder_trips_on_the_fruit` int(11) DEFAULT NULL,
  `id_intensity_of_greenback` int(11) DEFAULT NULL,
  `id_fruit_pubescence` int(11) DEFAULT NULL,
  `id_predominant_fruit_shape` int(11) DEFAULT NULL,
  `id_fruit_size` int(11) DEFAULT NULL,
  `id_fruit_size_homogeneity` int(11) DEFAULT NULL,
  `id_exterior_colour_of_mature_fruit` int(11) DEFAULT NULL,
  `id_intensity_of_exterior_colour` int(11) DEFAULT NULL,
  `id_ribbing_at_calyx_end` int(11) DEFAULT NULL,
  `id_easiness_of_fruit_to_detach_from_pedicel` int(11) DEFAULT NULL,
  `id_fruit_shoulder_shape` int(11) DEFAULT NULL,
  `id_presence_absence_of_jiontless_pedicel` int(11) DEFAULT NULL,
  `id_easiness_of_fruit_wall_skin_to_be_peeled` int(11) DEFAULT NULL,
  `id_skin_colour_of_ripe_fruit` int(11) DEFAULT NULL,
  `id_flesh_colour_of_peiricarp_interior` int(11) DEFAULT NULL,
  `id_flesh_colour_intensity` int(11) DEFAULT NULL,
  `id_colour_intensity_of_core` int(11) DEFAULT NULL,
  `id_fruit_cross_sectional_shape` int(11) DEFAULT NULL,
  `id_shape_of_pistil_scar` int(11) DEFAULT NULL,
  `id_fruit_blossom_end_shape` int(11) DEFAULT NULL,
  `id_blossom_end_scar_condition` int(11) DEFAULT NULL,
  `id_fruit_firmness_after_storage` int(11) DEFAULT NULL
) ENGINE=InnoDB DEFAULT CHARSET=utf32 COLLATE=utf32_unicode_ci;

--
-- Dumping data for table `fruit`
--

INSERT INTO `fruit` (`id_fruit`, `id_exterior_colour_of_immature_fruit`, `id_presence_of_green_shoulder_trips_on_the_fruit`, `id_intensity_of_greenback`, `id_fruit_pubescence`, `id_predominant_fruit_shape`, `id_fruit_size`, `id_fruit_size_homogeneity`, `id_exterior_colour_of_mature_fruit`, `id_intensity_of_exterior_colour`, `id_ribbing_at_calyx_end`, `id_easiness_of_fruit_to_detach_from_pedicel`, `id_fruit_shoulder_shape`, `id_presence_absence_of_jiontless_pedicel`, `id_easiness_of_fruit_wall_skin_to_be_peeled`, `id_skin_colour_of_ripe_fruit`, `id_flesh_colour_of_peiricarp_interior`, `id_flesh_colour_intensity`, `id_colour_intensity_of_core`, `id_fruit_cross_sectional_shape`, `id_shape_of_pistil_scar`, `id_fruit_blossom_end_shape`, `id_blossom_end_scar_condition`, `id_fruit_firmness_after_storage`) VALUES
(1, 1, 1, 1, 1, 1, 1, NULL, 1, 1, 1, 1, 1, 1, 1, 1, 1, 1, 1, 1, 1, 1, 1, 1),
(2, 2, 1, 1, 2, 2, 2, NULL, 1, 2, 1, 2, 2, 1, 2, 1, 1, 1, 1, 1, 1, 1, 1, 2),
(3, 2, 1, 1, 2, 2, 2, NULL, 1, 2, 1, 3, 1, 1, 2, 2, 1, 1, 2, 1, 1, 1, 1, 2),
(4, 2, 1, 1, 2, 1, 2, NULL, 1, 3, 1, 1, 2, 1, 2, 1, 1, 1, 1, 1, 1, 1, 1, 1),
(5, 2, 1, 1, 2, 2, 2, NULL, 1, 3, 1, 2, 1, 1, 3, 2, 1, 2, 3, 1, 1, 1, 1, 1),
(6, 1, 1, 1, 1, 1, 1, NULL, 1, 1, 1, 2, 1, 1, 2, 1, 2, 2, 1, 1, 1, 1, 2, 1),
(7, 2, 1, 1, 2, 2, 2, NULL, 1, 2, 1, 1, 1, 1, 2, 2, 1, 2, 1, 1, 1, 1, 1, 2),
(8, 2, 1, 1, 1, 2, 2, NULL, 1, 2, 1, 1, 1, 1, 2, 2, 1, 2, 1, 1, 1, 1, 3, 1),
(9, 2, 1, 1, 2, 2, 2, NULL, 1, 2, 1, 3, 2, 1, 2, 1, 1, 2, 1, 1, 1, 1, 1, 1),
(10, 2, 2, 2, 2, 2, 2, NULL, 1, 1, NULL, 1, 1, 1, 2, 2, 1, 2, 1, 2, 1, 1, 1, 2),
(11, 2, 1, 1, 1, 2, 2, NULL, 1, 2, 1, 1, 1, 1, 2, 2, 1, 1, 1, 1, 1, 1, 1, 2),
(12, 2, 1, 1, 1, 2, 2, NULL, 1, 2, 1, 1, 1, 1, 2, 2, 1, 2, 1, 1, 1, 1, 1, 2),
(13, 2, 1, 1, 2, 2, 2, NULL, 1, 2, 1, 3, 2, 1, 2, 1, 1, 2, 1, 1, 1, 1, 1, 2),
(14, 2, 1, 1, 1, 3, 3, NULL, 1, 1, NULL, 1, 1, 1, 2, 2, 2, 3, 1, 2, 1, 1, 1, 1),
(15, 2, 1, 1, 2, 2, 2, NULL, 1, 1, 1, 1, 1, 1, 2, 2, 1, 2, 1, 1, 1, 1, 1, 2),
(16, 2, 1, 1, 1, 3, 1, NULL, 1, 2, 1, 2, 1, 1, 2, 1, 1, 1, 1, 1, 1, 1, 1, 1),
(17, 2, 2, 3, 1, 4, 3, NULL, 1, 2, 1, 1, 1, 1, 3, 2, 2, 3, 1, 2, 1, 1, 1, 1),
(18, 2, 1, 1, 2, 2, 2, NULL, 1, 2, 1, 1, 1, 1, 2, 2, 1, 3, 1, 1, 1, 1, 1, 1),
(19, 2, 1, 1, 2, 2, 2, NULL, 1, 2, 1, 1, 1, 1, 1, 2, 1, 1, 1, 1, 1, 1, 1, 2),
(20, 2, 1, 1, 2, 2, 2, NULL, 1, 2, 1, 1, 2, 1, 2, 2, 1, 2, 1, 1, 1, 1, 1, 2),
(21, 2, 1, 1, 2, 2, 2, NULL, 1, 1, 1, 1, 2, 1, 2, 2, 1, 2, 1, 1, 1, 1, 1, 1),
(22, 2, 1, 1, 1, 2, 2, 1, 1, 3, 1, 1, 1, 1, 2, 2, 1, 2, 1, 1, 1, 1, 1, 1),
(23, 2, 1, 1, 2, 2, 2, NULL, 1, 2, 1, 1, 2, 1, 2, 2, 1, 1, 1, 1, 1, 1, 1, 1),
(24, 2, 2, 4, 1, 4, 3, NULL, 1, 2, NULL, 1, 1, 1, 3, 2, 1, 2, 1, 2, 1, 1, 1, 1),
(25, 2, 1, 1, 1, 1, 1, NULL, 1, 2, NULL, 1, 1, 1, 3, 2, 1, 1, 3, 2, 1, 1, 1, 2),
(26, 2, 2, 4, 1, 5, 2, NULL, 1, 2, 1, 3, 1, 1, 2, 2, 1, 2, 1, 3, 1, 2, 3, 2),
(27, 2, 1, 1, 1, 2, 2, 1, 1, 2, 1, 1, 1, 1, 1, 2, 1, 1, 1, 1, 1, 1, 1, 1),
(28, 1, 1, 1, 1, 6, 1, NULL, 1, 2, 1, 2, 1, 1, 1, 1, 1, 3, 1, 1, 1, 1, 1, 1),
(29, 2, 1, 1, 1, 5, 1, 1, 1, 2, 1, 3, 3, 1, 2, 2, 1, 2, 1, 3, 1, 2, 2, 1),
(30, 2, 2, 4, 1, 5, 2, NULL, 1, 2, 1, 1, 3, 1, 3, 2, 1, 2, 1, 3, 2, 1, 2, 1),
(31, 1, 1, 1, 1, 5, 1, NULL, 1, 2, 1, 3, 1, 1, 2, 2, 1, 1, 1, 3, 3, 2, 1, 1),
(32, 2, 1, 1, 1, 2, 1, NULL, 1, 2, 1, 3, 1, 1, 1, 2, 1, 1, 1, 1, 1, 1, 3, 3),
(33, 2, 1, 1, 1, 6, 1, NULL, 1, 2, 1, 1, 1, 1, 1, 1, 2, 1, 1, 1, 1, 1, 1, 1),
(34, 2, 1, 1, 2, 2, 2, NULL, 1, 2, 1, 2, 2, 1, 2, 2, 1, 1, 1, 1, 1, 1, 1, 1),
(35, 1, 1, 1, 1, 3, 1, NULL, 1, 2, 1, 1, 1, 1, 2, 1, 2, 2, 1, 1, 1, 1, 1, 1),
(36, 1, 1, 1, 1, 7, 1, 2, 2, 2, 1, 1, 1, 1, 1, 1, 2, 3, 1, 2, 1, 3, 1, 1),
(37, 2, 1, 1, 1, 6, 1, NULL, 3, 1, 1, 1, 1, 1, 2, 1, 2, 1, 1, 1, 1, 1, 1, 1),
(38, 2, 1, 1, 1, 2, 2, NULL, 1, 2, 1, 2, 1, 1, 2, 2, 1, 1, 1, 1, 1, 1, 1, 1),
(39, 1, 1, 1, 1, 2, 1, NULL, 1, 2, 1, 2, 2, 1, 2, 1, 1, 3, 1, 1, 1, 1, 1, 1),
(40, 2, 1, 1, 1, 1, 1, NULL, 1, 2, 1, 1, 1, 1, 1, 1, 1, 1, 1, 1, 1, 1, 1, 1),
(41, 2, 1, 1, 2, 2, 2, NULL, 1, 2, 1, 2, 2, 1, 2, 1, 1, 1, 1, 1, 1, 1, 1, 1),
(42, 2, 1, 1, 2, 2, 2, NULL, 1, 2, 1, 1, 1, 1, 1, 1, 1, 1, 1, 1, 1, 1, 1, 1),
(43, 2, 1, 1, 2, 2, 2, NULL, 1, 2, 1, 1, 2, 1, 2, 2, 1, 2, 1, 1, 1, 1, 1, 1),
(44, 2, 1, 1, 2, 2, 2, NULL, 1, 2, 1, 1, 2, 1, 2, 2, 1, 3, 1, 1, 1, 1, 1, 1),
(45, 1, 1, 1, 1, 6, 1, NULL, 1, 2, 1, 1, 1, 1, 1, 1, 2, 3, 3, 1, 1, 1, 1, 1),
(46, 1, 1, 1, 1, 6, 3, 3, 1, 1, NULL, 1, 3, 1, 3, NULL, 1, 1, 3, 2, 1, 1, 1, 3),
(47, 2, 1, 1, 1, 3, 1, NULL, 3, 1, 1, 1, 1, 1, 1, 1, 2, 3, 1, 1, 1, 1, 1, 1),
(48, 2, 1, 1, 1, 1, 1, 3, 1, 2, 1, 3, 1, NULL, 1, 2, 1, 1, 1, 1, 1, 1, 1, 3),
(49, 1, 2, 2, 1, 1, 1, NULL, 1, 2, 1, 2, 1, 1, 2, 1, 2, 1, 1, 1, 1, 3, 1, 1),
(50, 3, 2, 2, 1, 1, 3, NULL, 1, 2, NULL, 1, 1, 1, 3, 1, 3, 3, 1, 2, 1, 1, 1, 3),
(51, 1, 2, 2, 1, 2, 2, NULL, 1, 1, NULL, 1, 1, 1, 2, 2, 3, 3, 1, 2, 1, 1, 1, 2),
(52, 2, 1, 1, 2, 2, 2, NULL, 1, 2, 1, 3, 2, 1, 2, 1, 2, 1, 1, 1, 1, 3, 1, 1),
(53, 2, 2, 4, 2, 2, 2, NULL, 1, 2, NULL, 1, 2, 1, 3, 2, 1, 1, 1, 2, 1, 1, 1, 2),
(54, 1, 2, 3, 1, 6, 1, 3, 2, 1, NULL, 2, 1, 1, 4, 3, 2, 1, 3, 1, 1, 1, 1, 1),
(55, 2, 2, 2, 1, 2, 1, 3, 1, 1, NULL, 1, 1, 1, 5, 3, 2, 3, 1, 2, 1, 1, 1, 2),
(56, 3, 2, 3, 1, 2, 1, NULL, 1, 1, NULL, 2, 1, 1, 5, 3, 2, 3, 1, 1, 1, 1, 1, 2),
(57, 1, 2, 4, 1, 3, 2, 2, 1, 1, NULL, 2, 1, 1, 5, 3, 2, 3, 1, 1, 1, 3, 1, 3),
(58, 2, 2, 4, 1, 4, 1, NULL, 1, 1, NULL, 1, 3, 1, 6, 4, 1, 2, 1, 1, 1, 1, 1, 1),
(59, 1, 2, 4, 1, 7, 1, 3, 1, 1, NULL, 2, 1, 1, 4, 4, 3, 1, 3, 1, 1, 1, 1, 1),
(60, 1, 1, 1, 1, 5, 1, 3, 1, 1, NULL, 2, 3, NULL, 4, 4, 3, 1, 3, 1, 1, 1, 1, 1),
(61, 1, 1, 1, 1, 5, 1, 3, 1, 1, NULL, 2, 1, 1, 6, 5, 3, 1, 3, 3, 1, 1, 1, 1),
(62, 1, 1, 1, 1, 8, 1, NULL, 1, 1, NULL, 2, 1, 1, 5, 4, 1, 2, 1, 1, 1, 3, 1, 1),
(63, 2, 2, 4, 1, 7, 1, 1, 1, 1, NULL, 1, 1, 1, 5, 4, 3, 3, 1, 1, 1, 3, 1, 1),
(64, 3, 2, 3, 1, 2, 1, NULL, 1, 1, NULL, 1, 1, 1, 6, 4, 2, 3, 1, 2, 1, 3, 1, 1),
(65, 1, 1, 1, 1, 7, 1, NULL, 1, 1, NULL, 2, 1, 1, 4, 4, 2, 2, 1, 1, 1, 1, 1, 1),
(66, 1, 1, 1, 1, 7, 1, NULL, 1, 1, NULL, 1, 1, 1, 5, 4, 1, 3, 1, 1, 1, 1, 1, 2),
(67, 2, 2, 4, 1, 4, 1, 3, 1, 1, NULL, 1, 1, 1, 6, 4, 1, 1, 3, 1, 1, 1, 1, 3),
(68, 1, 1, 1, 1, 4, 1, 3, 1, 1, NULL, 2, 1, 1, 4, 4, 3, 3, 4, 3, 1, 1, 1, 2),
(69, 1, 1, 1, 1, 2, 1, 1, 1, 1, NULL, NULL, 1, 1, NULL, 4, 1, 2, 3, 1, 1, 1, NULL, NULL),
(70, 1, 1, 1, 1, 2, 1, 3, 1, 3, NULL, NULL, 1, 1, NULL, 4, 1, 1, 1, 1, 1, 1, NULL, NULL),
(71, 1, 1, 1, 1, 7, 1, 3, 1, 1, NULL, 2, 1, 1, 6, 4, 4, 1, 3, 1, 1, 3, 1, 1),
(72, 3, 2, 2, 1, 4, 1, 1, 1, 1, NULL, 2, 1, 1, 6, 4, 1, 1, 1, 1, 1, 1, 1, 1),
(73, 1, 2, 3, 1, 2, 3, NULL, 1, 1, NULL, 1, 1, 1, 2, 2, 1, 3, 1, 2, 1, 1, 1, 3),
(74, 2, 2, 1, 1, 7, 1, 3, 1, 1, NULL, 2, 1, 1, 4, 3, 1, 1, 3, 1, NULL, 1, 1, 1),
(75, 2, 2, 2, 1, 4, 1, 3, 1, 3, NULL, 2, 1, 1, 4, 5, 1, 2, 2, 2, 1, 1, 1, 1),
(76, 1, 1, 1, 1, 1, 3, 1, 1, 3, NULL, 2, 3, 1, 4, NULL, 1, 1, 3, 1, 4, 1, 1, 1),
(77, 1, 1, 1, 1, 4, 1, 1, 1, 2, NULL, 2, 1, 1, 3, 2, 1, 1, 1, 1, 1, 1, 1, 2),
(78, 1, 1, 1, 1, 4, 1, 1, 1, 1, NULL, 2, 1, 1, 4, 4, 1, 3, 1, 1, NULL, 1, 1, 1),
(79, 2, 2, 4, 1, 4, 1, 1, 1, 1, NULL, 2, 3, 1, 4, 4, 3, 3, 3, 1, 4, 1, 1, 1),
(80, 1, 1, 1, 1, 7, 1, 1, 1, 1, NULL, 2, 3, 1, 4, 4, 1, 1, 3, 2, 1, 3, 1, 1),
(81, 1, 2, 2, 1, 7, 1, 1, 1, 3, NULL, 2, 1, 1, 4, 5, 3, 1, 3, 1, 1, 3, 1, 3),
(82, 1, 2, 4, 1, 1, 1, 1, 4, 1, NULL, 2, 1, 1, 6, 4, 3, 3, 1, 2, 1, 3, 1, 1),
(83, 1, 2, 3, 1, 1, 3, 1, 4, 1, NULL, 2, 1, 1, 4, 4, 2, 3, 1, 1, 1, 1, 1, 1),
(84, 2, 2, 3, 1, 1, 3, 1, 1, 2, NULL, 1, 1, 1, 3, 2, 1, 1, 3, 3, 1, 2, 1, 1),
(85, 1, 1, 1, 1, 3, 1, 1, 1, 1, NULL, 2, 1, 1, 4, 3, 1, 1, 1, 1, 1, 1, 1, 1),
(86, 1, 1, 1, 1, 8, 1, 1, 2, 1, NULL, 2, 1, 1, 4, 3, 2, 1, 1, 1, 1, 1, 1, 1),
(87, 1, 2, 4, 1, 4, 1, 1, 1, 1, NULL, 1, 3, 1, 6, 4, 2, 3, 1, 1, 1, 1, 1, 1),
(88, 1, 1, 1, 1, 5, 1, 1, 1, 3, NULL, 1, 3, 1, 6, 5, 2, 1, 3, 1, 1, 1, 1, 2),
(89, 1, 1, 1, 1, 2, 1, 1, 1, 1, NULL, 2, 3, 1, 6, 4, 1, 3, 1, 1, 1, 1, 1, 1),
(90, 2, 2, 2, 1, 5, 1, 1, 1, 1, NULL, 1, 1, 1, 6, NULL, 1, 1, 3, 1, 1, 1, 1, 1),
(91, 1, 1, 1, 1, 1, 1, 1, 1, 3, NULL, 1, 1, 1, 4, 5, 1, 1, 1, 1, 1, 1, 1, 1),
(92, 1, 2, 4, 1, 4, 1, 1, 1, 1, NULL, 1, 1, 1, 4, 4, 1, 1, 1, 1, 1, 1, 1, 1),
(93, 1, 2, 2, 1, 1, 1, 1, 1, 1, NULL, 2, 1, 1, 6, 4, 1, 3, 1, 1, 1, 1, 1, 1),
(94, 1, 1, 1, 1, 1, 1, 1, 1, 1, NULL, 2, 1, 1, 4, 4, 2, 1, 3, 1, 1, 1, 1, 1),
(95, 1, 1, 1, 1, 4, 1, 1, 1, 1, NULL, 2, 1, 1, 4, 4, 1, 3, 1, 1, 1, 1, 1, 1),
(96, 1, 1, 1, 1, 4, 3, 1, 1, 1, NULL, 2, 1, 1, 4, 4, 2, 1, 3, 1, 4, 1, 1, 1),
(97, 2, 2, 2, 1, 3, 3, 1, 1, 1, NULL, 1, 3, 1, 6, 4, 2, 1, 3, 1, 1, 1, 1, 1),
(98, 1, 1, 1, 1, 2, 3, 3, 2, 1, NULL, 1, 3, 1, 6, 4, 1, 3, 1, 1, 1, 1, 1, 1),
(99, 1, 2, 4, 1, 1, 1, 1, 1, 3, NULL, 1, 1, 1, 6, 5, 1, 2, 2, 1, 1, 1, 1, 1),
(100, 1, 2, 3, 2, 5, 2, NULL, 1, 1, NULL, 1, 1, 1, 6, 3, 1, 2, 1, 1, 1, 1, 1, 2),
(101, 2, 1, 1, 1, 2, 3, 3, 1, 1, NULL, 2, 1, 1, 6, 4, 1, 1, 3, 1, 4, 1, 1, 1),
(102, 1, 1, 1, 1, 2, 3, 1, 1, 1, NULL, 2, 2, 1, 5, 4, 1, 2, 2, 1, 1, 1, 1, 1),
(103, 2, 2, 4, 1, 6, 3, NULL, 1, 1, NULL, 1, 3, 1, 3, 2, 1, 3, 1, 2, 1, 1, 1, 1),
(104, 1, 2, 3, 1, 7, 3, 1, 1, 1, NULL, 1, 1, 1, 6, 2, 1, 1, 3, 1, 4, 1, 1, 1),
(105, 1, 2, 4, 1, 4, 3, 3, 1, 1, NULL, NULL, 3, NULL, NULL, NULL, 2, 1, 3, 1, 4, 1, NULL, NULL),
(106, 1, 2, 3, 1, 5, 1, 1, 1, 1, NULL, 2, 3, 1, 5, NULL, 1, 3, 1, 1, 4, 1, 1, 2),
(107, 1, 2, 2, 1, 5, 3, 3, 1, 2, NULL, NULL, 4, NULL, NULL, NULL, 1, 1, 3, 1, 1, 1, NULL, NULL),
(108, 2, 2, 2, 1, 4, 3, 3, 1, 2, NULL, 1, 3, 1, NULL, NULL, 1, 2, 2, 2, 4, 1, 1, 1),
(109, 2, 2, 3, 1, 1, 1, 3, 1, 1, NULL, 2, 1, 1, 4, 4, 1, 3, 3, 2, 1, 1, 1, 1),
(110, NULL, 2, 2, 1, 2, NULL, 3, NULL, NULL, NULL, 1, NULL, 1, NULL, NULL, NULL, NULL, NULL, 1, 4, 1, 1, 1),
(111, 1, 2, 3, 1, 5, 1, 1, 1, 1, NULL, 1, 3, 1, 4, NULL, 1, 3, 1, 1, 1, 1, 1, 1),
(112, 3, 2, 2, 1, 1, 1, NULL, 1, 1, NULL, 2, 3, 1, 4, 4, 2, 1, 3, 1, 1, 1, 1, 1),
(113, 1, 1, 1, 1, 2, 1, NULL, 1, 1, NULL, 2, 1, 1, 6, 5, 1, 1, 2, 1, 1, 1, 1, 1),
(114, 1, 1, 1, 1, 4, 3, NULL, 1, 1, NULL, 2, 1, 1, 6, 3, 1, 1, 3, 1, 1, 1, 1, 1),
(115, 1, 1, 1, 1, 5, 1, 1, 1, 1, NULL, 1, 3, 1, 4, 4, 1, 1, 3, 1, 1, 3, 1, 2),
(116, 1, 2, 2, 1, 2, 1, 1, 1, 1, NULL, 2, 1, 1, 4, 5, 1, 3, 1, 1, 1, 1, 1, 1),
(117, 1, 1, 1, 1, 1, 1, NULL, 1, 1, NULL, 1, 3, 1, 6, 4, 1, 3, 1, 1, 1, 1, 1, 1),
(118, 1, 1, 1, 1, 4, 1, 1, 1, 1, NULL, 2, 3, 1, 6, 4, 1, 3, 1, 1, 1, 1, 1, 2),
(119, 1, 2, 4, 1, 2, 1, 1, 1, 1, NULL, 1, 1, 1, 6, 4, 1, 3, 1, 2, 1, 1, 1, 1),
(120, 2, 1, 1, 1, 2, 3, 3, 4, 3, NULL, 1, 1, 1, 3, 2, 3, 1, 3, 1, 4, 1, 1, 1),
(121, 2, 1, 1, 1, 1, 3, 3, 1, 2, NULL, 1, 2, 1, 1, 2, 1, 3, 1, 1, 4, 3, 1, 1),
(122, 1, 2, 2, 1, 2, 3, 3, 1, 2, NULL, 2, 3, 1, 4, NULL, 2, 3, 1, 3, 4, 1, 1, 1),
(123, 1, 2, 3, 1, 2, 3, 1, 1, 1, NULL, 2, 1, 1, 6, 5, 1, 3, 3, 1, 5, 1, 1, 1),
(124, 1, 2, 3, 1, 2, 1, 3, 1, 1, NULL, 1, 1, 1, 4, 4, 1, 1, 3, 1, 1, 1, 1, 1),
(125, 1, 2, 2, 1, 2, 3, 1, 1, 1, NULL, 2, 1, 1, 4, 4, 1, 2, 2, 1, 1, 1, 1, 1),
(126, 1, 2, 2, 1, 5, 3, 3, 1, 1, NULL, 1, 4, 1, 3, 2, 1, 1, 3, 3, 1, 1, 1, 1),
(127, 2, 2, 2, 1, 5, 3, 3, 1, 2, NULL, 1, 3, 1, 1, 2, 1, 1, 3, 1, 4, 1, 1, 1),
(128, 2, 2, 2, 1, 2, 3, NULL, 1, 1, NULL, 2, 1, 1, 4, NULL, 1, 1, 1, 3, 1, 1, 1, 1),
(129, 3, 2, 3, 1, 1, 1, NULL, 1, 1, NULL, 2, 1, 1, 4, 4, 1, 1, 1, 3, 1, 1, 1, 1),
(130, 2, 2, 2, 1, 4, 3, 2, 1, 2, NULL, NULL, 3, NULL, NULL, NULL, 1, 2, 2, 1, 5, 1, NULL, NULL),
(131, 1, 2, 2, 1, 5, 1, 1, 1, 3, NULL, 2, 1, 1, 6, NULL, 1, 2, 3, 1, 1, 1, 1, 1),
(132, 2, 2, 2, 1, 1, 3, 3, 1, 2, NULL, NULL, 1, NULL, NULL, NULL, 1, 1, 1, 1, 1, 1, 1, 1),
(133, 4, 2, 3, 1, 1, 3, 3, 1, 3, NULL, NULL, 4, NULL, NULL, NULL, 1, 1, 3, 1, 1, 1, NULL, NULL),
(134, 1, 2, 3, 1, 2, 3, 3, 1, 3, NULL, 2, 1, 1, 4, NULL, 1, 1, 3, 1, 1, 1, 1, 1),
(135, 1, 2, 3, 1, 4, 3, 3, 1, 2, NULL, 2, 1, 1, 4, NULL, 1, 1, 3, 1, 1, 1, 1, 1),
(136, 1, 1, 1, 1, 5, 3, NULL, 1, 1, NULL, 1, 1, 1, 6, NULL, 2, 1, 3, 1, 1, 1, 1, 1),
(137, 1, 1, 1, 1, 1, 3, 2, 1, 2, NULL, 2, 1, 1, 1, 2, 1, 1, 3, 1, 1, 1, 1, 1),
(138, 1, 2, 2, 1, 5, 3, NULL, 1, 1, NULL, 2, 1, 1, 4, NULL, 2, 1, 3, 1, 5, 1, 1, 1),
(139, 2, 2, 3, 2, 7, 1, NULL, 1, 2, NULL, 2, 1, 1, 5, NULL, 1, 1, 3, 2, 4, 1, 1, 2),
(140, 1, 1, 1, 1, 7, 2, 1, 1, 3, NULL, 1, 1, 1, 4, NULL, 1, 1, 1, 1, 1, 1, 1, 1),
(141, 3, 2, 2, 1, 6, 2, 3, 1, 2, NULL, 1, 1, 1, 4, NULL, 1, 3, 4, 1, 2, 1, 1, 2),
(142, 3, 2, 2, 1, 2, 2, 3, 1, 3, NULL, 1, 2, 1, 5, NULL, 3, 1, 1, 1, 1, 1, 1, 2),
(143, 1, 1, 1, 1, 4, 2, 1, 1, 3, NULL, 2, 1, 1, 5, NULL, 2, 1, 3, 1, 1, 1, 1, 2),
(144, 1, 1, 1, 1, 4, 1, 1, 1, 3, NULL, 2, 1, 1, 4, NULL, 1, 1, 4, 1, 1, 1, 1, 1),
(145, 1, 1, 1, 1, 1, 2, NULL, 1, 3, NULL, 1, 1, 1, 6, NULL, 1, 1, 4, 1, 1, 1, 1, 1),
(146, 3, 2, 3, 1, 2, 1, 1, 1, 3, NULL, NULL, 1, NULL, NULL, NULL, 1, 1, 3, 1, 1, 1, 1, 2),
(147, 2, 2, 2, 1, 2, 2, 3, 1, 3, NULL, 1, 2, 1, NULL, 4, 1, 2, 4, 1, 1, 1, NULL, NULL),
(148, 2, 2, 2, 1, 1, 2, 1, 1, 3, NULL, 1, 1, 1, 4, NULL, 1, 3, 1, 1, 1, 1, 1, 1),
(149, 1, 1, 1, 1, 5, 2, 1, 1, 3, NULL, 1, 1, 1, 3, 2, 1, 1, 2, 1, 1, 1, 1, 2),
(150, 3, 2, 3, 2, 7, 2, NULL, 4, 2, NULL, 2, 2, 1, 6, NULL, 1, 1, 1, 1, 1, 1, 1, 2),
(151, 1, 2, 3, 1, 2, 1, NULL, 1, 3, NULL, 2, 1, 1, 4, NULL, 5, 2, 1, 1, 1, 1, 1, 1),
(152, 2, 2, 3, 2, 7, 2, NULL, 1, 3, NULL, 1, 1, 1, 5, NULL, 2, 3, 3, 1, 1, 1, 1, 1),
(153, 1, 1, 1, 1, 4, 1, 1, 1, 3, NULL, 2, 1, 1, 4, NULL, 1, 3, 1, 1, 1, 1, 1, 1),
(154, 1, 1, 1, 1, 1, 1, 1, 1, 2, NULL, 2, 1, 1, 6, 5, 1, 3, 4, 1, 1, 1, 1, 1),
(155, 3, 2, 3, 1, 1, 1, 3, 1, 2, NULL, 1, 1, 1, 1, 2, 1, 1, 3, 1, 4, 1, 1, 1),
(156, 1, 2, 4, 1, 2, 1, 3, 1, 2, NULL, 2, 1, 1, 4, NULL, 1, 1, 3, 1, 1, 1, 1, 1),
(157, 1, 1, 1, 1, 5, 1, 3, 1, 2, NULL, 2, 1, 1, 4, NULL, 2, 3, 1, 3, 1, 1, 1, 2),
(158, 2, 2, 2, 1, 4, 1, 3, 1, 2, NULL, NULL, 3, NULL, NULL, NULL, 1, 2, 3, 1, 4, 2, 1, 1),
(159, 1, 2, 4, 1, 4, 1, 1, 1, 2, NULL, 2, 1, 1, 6, NULL, 1, 1, 3, 1, 1, 1, 1, 1),
(160, 1, 2, 3, 1, 2, 2, 3, 1, 2, NULL, 1, 2, 1, 6, NULL, 2, 1, 3, 1, 1, 1, 1, 1),
(161, 1, 2, 2, 1, 1, 1, 3, 1, 2, NULL, 2, 1, 1, 6, NULL, 1, 1, 3, 1, 1, 1, 1, 1),
(162, 1, 2, 2, 1, 4, 2, 3, 1, 2, NULL, 2, 1, 1, 6, NULL, 1, 3, 3, 1, 1, 1, 1, 1),
(163, 2, 2, 4, 1, 4, 1, 2, 1, 2, NULL, NULL, 1, NULL, NULL, NULL, 1, 2, 3, 1, 1, 1, 1, 1),
(164, 4, 1, 1, 1, 5, 1, 2, 5, 3, NULL, NULL, 4, NULL, NULL, NULL, 5, 2, 4, 1, 1, 1, NULL, NULL),
(165, 1, 2, 4, 1, 1, 1, 3, 4, 1, NULL, 1, 2, 1, 4, NULL, 5, 3, 1, 1, 1, 1, 1, 1),
(166, 1, 1, 1, 1, 4, 3, 3, 1, 1, NULL, 1, 1, 1, 6, NULL, 1, 3, 4, 1, 1, 1, 1, 1),
(167, 1, 2, 4, 1, 4, 1, 3, 1, 3, NULL, 2, 1, 1, 6, NULL, 1, 3, 1, 1, 1, 1, 1, 1),
(168, 1, 2, 2, 1, 4, 1, 3, 1, 1, NULL, 2, 3, 1, 4, NULL, 5, 3, 1, 1, 1, 1, 1, 1),
(169, 1, 1, 1, 1, 2, 1, 3, 1, 2, NULL, 2, 1, 1, 4, NULL, 3, 3, 1, 1, 1, 1, 1, 1),
(170, 1, 1, 1, 1, 2, 1, 3, 1, 3, NULL, 2, 1, 1, 4, NULL, 1, 2, 2, 1, 1, 1, 1, 1),
(171, 1, 2, 2, 1, 4, 1, NULL, 1, 2, NULL, 2, 1, 1, 4, NULL, 2, 3, 1, 1, 1, 1, 1, 1),
(172, 1, 2, 2, 2, 2, 2, NULL, 4, 2, NULL, 1, 2, 1, 5, NULL, 3, 3, 3, 1, 1, 1, 1, 1),
(173, 1, 1, 1, 1, 3, 1, 1, 1, 2, NULL, 2, 2, 1, 6, NULL, 2, 1, 3, 1, 1, 1, 1, 1),
(174, 2, 2, 4, 1, 1, 3, 3, 3, 2, NULL, 1, 1, 1, 1, 2, 1, 2, 2, 2, 4, 1, 1, 1),
(175, 1, 1, 1, 1, 1, 3, 3, 1, 1, NULL, 1, 1, 1, 6, NULL, 1, 3, 1, 1, 1, 1, 1, 1),
(176, 1, 1, 1, 1, 1, 3, 3, 4, 1, NULL, 2, 1, 1, 4, NULL, 3, 1, 1, 1, 1, 1, 1, 1),
(177, 3, 2, 3, 1, 2, 1, 1, 1, 2, NULL, 2, 3, 1, 4, NULL, 3, 1, 1, 1, 4, 1, 1, 2),
(178, 3, 2, 3, 1, 2, 1, 3, 1, 2, NULL, 2, 1, 1, 5, NULL, 3, 3, 1, 1, 1, 2, 1, 1),
(179, 1, 1, 1, 1, 5, 3, NULL, 1, 2, NULL, 2, 1, 1, 4, NULL, 1, 3, 1, 1, 1, 1, 1, 1),
(180, 1, 1, 1, 1, 5, 3, 3, 1, 2, NULL, 2, 4, 1, 6, NULL, 2, 3, 1, 1, 5, 1, 1, 2),
(181, 1, 1, 1, 1, 4, 3, 3, 1, 2, NULL, 2, 4, 1, 6, NULL, 1, 3, 1, 3, 5, 2, 1, 1),
(182, 1, 1, 1, 1, 4, 1, 3, 1, 2, NULL, 1, 3, 1, 6, NULL, 2, 2, 2, 1, 4, 1, 1, 1),
(183, 2, 2, 2, 1, 4, 1, 1, 1, 2, NULL, 2, 1, 1, 6, NULL, 1, 3, 1, 3, 1, 1, 1, 1),
(184, 1, 1, 1, 1, 2, 1, NULL, 1, 2, NULL, 2, 1, 1, 6, NULL, 1, 3, 1, 1, 1, 1, 1, 1),
(185, 1, 2, 4, 1, 4, 1, 3, 1, 2, NULL, 2, 1, 1, 6, NULL, 1, 3, 1, 1, 1, 1, 1, 1),
(186, 1, 1, 1, 1, 4, 1, 1, 4, 1, NULL, 2, 3, 1, 6, NULL, 5, 1, 1, 1, 4, 1, 1, 1),
(187, 1, 1, 1, 1, 1, 1, 1, 1, 1, NULL, 1, 1, 1, 4, NULL, 1, 1, 3, 1, 1, 1, 1, 1),
(188, 1, 1, 1, 1, 1, 2, 1, 1, 1, NULL, 2, 1, 1, 4, NULL, 3, 3, 4, 1, 1, 1, 1, 1),
(189, 1, 1, 1, 1, 2, 2, 1, 1, 2, NULL, 2, 1, 1, 6, NULL, 1, 3, 3, 1, 1, 1, 1, 1),
(190, 1, 1, 1, 1, 1, 2, 1, 1, 1, NULL, 2, 3, 1, 6, NULL, 1, 1, 3, 2, 1, 1, 1, 1),
(191, 2, 2, 3, 1, 1, 2, 1, 1, 2, NULL, 2, 1, 1, 6, NULL, 1, 3, 1, 1, 1, 1, 1, 1),
(192, 2, 2, 2, 1, 2, 3, NULL, 1, 2, NULL, 2, 1, 1, 6, NULL, 1, 2, 1, 1, 1, 1, 1, 2),
(193, 1, 2, 2, 2, 7, 1, NULL, 1, 2, NULL, 2, 1, 1, 5, NULL, 1, 3, 1, 1, 1, 1, 1, 1),
(194, 1, 1, 1, 1, 1, 1, 1, 1, 2, NULL, 2, 3, 1, 6, NULL, 1, 3, 1, 1, 1, 1, 1, 2),
(195, 1, 1, 1, 1, 1, 1, 1, 1, 1, NULL, 2, 1, 1, 4, NULL, 1, 3, 1, 1, 1, 1, 1, 1),
(196, 1, 2, 4, 1, 4, 1, 1, 1, 3, NULL, 2, 3, 1, 6, NULL, 1, 3, 1, 1, 1, 1, 1, 1),
(197, 1, 2, 4, NULL, 1, 3, NULL, 1, 1, NULL, 2, 3, 1, 6, NULL, 1, 3, 1, 1, 1, 1, 1, 1),
(198, 1, 2, 4, 1, 1, 3, 1, 1, 2, NULL, 2, 1, 1, 1, 2, 1, 2, 2, 1, 4, 1, 1, 1),
(199, 1, 2, 4, NULL, 1, 3, NULL, 1, 1, NULL, 2, 1, 1, 6, NULL, 1, 3, 1, 1, 1, 1, 1, 1),
(200, 1, 1, 1, 1, 1, 3, 1, 1, 1, NULL, 2, 3, 1, 6, NULL, 1, 3, 1, 1, 1, 1, 1, 1),
(201, 1, 2, 4, 1, 4, 1, 1, 1, 1, NULL, 2, 1, 1, 6, NULL, 1, 3, 1, 1, 1, 1, 1, 1),
(202, 1, 1, 1, 1, 1, 1, 1, 1, 1, NULL, 2, 1, 1, 6, NULL, 1, 1, 1, 1, 1, 3, 1, 1),
(203, 1, 2, 4, 1, 3, 1, 1, 1, NULL, NULL, 1, 1, 1, 6, NULL, 1, 1, 3, 1, 1, 3, 1, 1),
(204, 2, 2, 4, 1, 4, 2, 1, 1, 2, NULL, 2, 1, 1, 4, NULL, 1, 1, 3, 1, 1, 1, 1, 2),
(205, 2, 2, 2, 1, 1, 1, 1, 1, 3, NULL, 2, 1, 1, 6, NULL, 1, 1, 1, 1, 1, 1, 1, 1),
(206, 1, 1, 1, 1, 2, 3, 3, 1, 2, NULL, 2, 1, 1, 3, 2, 1, 3, 1, 1, 1, 1, 1, 1),
(207, 2, 2, 4, 1, 1, 1, 1, 1, 2, NULL, 2, 1, 1, 3, 2, 1, 1, 3, 1, 1, 1, 1, 1),
(208, 1, 1, 1, 1, 1, 1, 1, 1, 3, NULL, 2, 1, 1, 3, 2, 1, 1, 1, 1, 1, 1, 1, 1),
(209, 1, 1, 1, 1, 4, 3, 1, 1, 2, NULL, 2, 1, 1, 3, 2, 1, 1, 3, 1, 1, 1, 1, 1),
(210, 2, 1, 1, 1, 1, 1, 3, 1, 2, NULL, 2, 1, 1, 3, 2, 1, 1, 3, 1, 1, 1, 1, 1),
(211, 1, 1, 1, 1, 1, 1, 3, 1, 2, NULL, 2, 1, 1, 1, 2, 1, 2, 3, 1, 1, 1, 1, 1),
(212, 1, 1, 1, 1, 1, 1, 1, 1, 2, NULL, 2, 1, 1, 6, NULL, 1, 3, 1, 1, 1, 3, 1, 1),
(213, 1, 1, 1, 1, 2, 3, 3, 1, 1, NULL, 2, 1, 1, 6, NULL, 1, 1, 3, 1, 1, 3, 1, 2),
(214, 1, 1, 1, 1, 2, 3, 3, 1, 3, NULL, 2, 1, 1, 3, 2, 1, 1, 3, 1, 1, 1, 1, 1),
(215, 1, 2, 4, 1, 4, 3, 1, 1, 2, NULL, 2, 1, 1, 3, 2, 1, 2, 2, 1, 1, 1, 1, 1),
(216, 1, 2, 4, 1, 2, 3, NULL, 1, 2, NULL, 1, 3, 1, 4, NULL, 1, 3, 1, 1, 1, 1, 1, 1),
(217, 1, 1, 1, 1, 1, 3, 3, 1, 2, NULL, 2, 4, 1, 1, 2, 1, 1, 1, 2, 1, 1, 1, 1),
(218, 1, 1, 1, 1, 1, 1, 1, 1, 2, NULL, 2, 1, 1, 4, NULL, 1, 1, 3, 1, 1, 3, 1, 1),
(219, 1, 1, 1, NULL, 1, 1, NULL, 1, NULL, NULL, 2, 1, 1, 6, NULL, 1, 1, 2, 1, 1, 1, 1, 1),
(220, 1, 2, 4, 1, 1, 1, 1, 1, 2, NULL, 2, 1, 1, 6, NULL, 2, 1, 3, 1, 1, 1, 1, 1),
(221, 2, 2, 2, 1, 1, 1, 1, 1, 2, NULL, 2, 1, 1, 4, NULL, 1, 1, 1, 1, 1, 1, 1, 1),
(222, 1, 2, 2, 1, 4, 3, 3, 1, 1, NULL, 2, 3, 1, 6, NULL, 1, 2, 2, 1, 1, 1, 1, 1),
(223, 1, 2, 2, NULL, 4, 3, NULL, 1, 2, NULL, 2, 3, 1, 6, NULL, 1, 1, 2, 1, 1, 1, 1, 1),
(224, 3, 1, 1, 1, 2, 1, 1, 1, 2, NULL, 2, 1, 1, 6, NULL, 1, 1, 3, 1, 1, 1, 1, NULL),
(225, 1, 2, 2, NULL, 3, 3, NULL, 1, 1, NULL, 2, 1, 1, 4, NULL, 1, 3, 2, 1, 1, 1, 1, 2),
(226, 1, 2, 4, 1, 6, 1, 1, 3, 3, NULL, 1, 1, 1, 3, 2, 1, 1, 4, 1, 1, 1, 1, 1),
(227, 1, 2, 4, 1, 1, 3, 1, 1, 1, NULL, 1, 1, 1, 6, NULL, 1, 1, 1, 1, 1, 3, 1, 1),
(228, 1, 2, 4, 1, 4, 1, 1, 1, 2, NULL, 1, 1, 1, 6, NULL, 1, 3, 1, 2, 1, 1, 1, 1),
(229, 1, 1, 1, 1, 2, 1, 1, 1, 2, NULL, 2, 1, 1, 6, NULL, 1, 3, 3, 1, 1, 3, 1, 1),
(230, 1, 1, 1, NULL, 4, 3, NULL, 1, 1, NULL, 2, 3, 1, 6, NULL, 1, 3, 1, 1, 1, 1, 1, 2),
(231, 2, 2, 3, NULL, 2, 1, NULL, 1, 2, NULL, 1, 1, 1, 5, NULL, 1, 1, 2, 1, 1, 1, 1, 2),
(232, 1, 2, 3, NULL, 2, 3, NULL, 5, 1, NULL, 1, 3, 1, 4, NULL, 5, 3, 4, 1, 1, 1, 1, 2),
(233, 1, 1, 1, 1, 1, 4, 1, 1, 1, NULL, 1, 4, 1, 3, 2, 1, 3, 3, 2, 1, 1, 1, 1),
(234, 2, 2, 2, NULL, 2, 3, NULL, 1, 1, NULL, 2, 1, 1, 6, NULL, 1, 3, 2, 1, 1, 1, 1, 2),
(235, 1, 2, 2, NULL, 1, 3, NULL, 1, 3, NULL, 2, 1, 1, 6, NULL, 1, 2, 2, 1, 1, 1, 1, 1),
(236, 1, 1, 1, NULL, 1, 3, NULL, 1, 1, NULL, 2, 1, 1, 6, NULL, 1, 3, 2, 1, 1, 1, 1, 1),
(237, 1, 1, 1, 1, 3, 1, 1, 1, 2, NULL, 2, 1, 1, 6, NULL, 1, 1, 3, 1, 1, 1, 1, 1),
(238, 1, 2, 4, 1, 1, 1, 1, 1, 2, NULL, 2, 2, 1, 6, NULL, 1, 1, 3, 1, 1, 1, 1, 1),
(239, 1, 2, 2, 1, 2, 2, 1, 1, 2, NULL, 1, 2, 1, 6, NULL, 3, 1, 3, 1, 1, 1, 1, 2),
(240, 2, 2, 2, 1, 4, 1, 2, 1, 2, NULL, 2, 1, 1, 2, 2, 3, 2, 4, 1, 1, 1, 1, 1),
(241, 2, 2, 2, 1, 8, 1, 3, 1, 1, NULL, 2, 1, 1, 4, NULL, 3, 1, 3, 1, 1, 3, 1, 1),
(242, 1, 1, 1, 1, 1, 1, 3, 1, 2, NULL, 2, 2, 1, 4, NULL, 1, 1, 4, 1, 1, 3, 1, 1),
(243, 1, 1, 1, 1, 5, 1, 3, 4, 1, NULL, 2, 4, 1, 4, NULL, 1, 3, 4, 3, 1, 2, 1, 1),
(244, 1, 1, 1, 1, 5, 1, 3, 1, 2, NULL, 2, 1, 1, 4, NULL, 1, 2, 3, 1, 1, 1, 1, 1),
(245, 2, 2, 2, 1, 4, 3, 2, 1, 2, NULL, NULL, 3, NULL, NULL, NULL, 1, 3, 1, 1, 1, 1, NULL, NULL),
(246, 1, 1, 1, 1, 5, 3, 3, 1, 2, NULL, NULL, 4, NULL, NULL, NULL, 1, 1, 3, 1, 1, 1, 1, 1),
(247, 2, 2, 3, NULL, 4, 1, NULL, 1, 2, NULL, 2, 3, 1, 4, NULL, 1, 1, 2, 1, 5, 1, 1, 1),
(248, 2, 2, 3, 1, 4, 1, 3, 1, 2, NULL, 2, 3, 1, 4, NULL, 1, 1, 1, 1, 1, 1, 1, 1),
(249, 1, 2, 2, 1, 5, 1, 3, 1, 1, NULL, 1, 4, 1, 4, NULL, 1, 3, 1, 1, 1, 2, 1, 2),
(250, 1, 1, 1, 1, 4, 3, 3, 1, 1, NULL, NULL, 3, NULL, NULL, NULL, 2, 1, 3, 1, 4, 1, NULL, NULL),
(251, 1, 2, 4, 1, 4, 3, 3, 1, 2, NULL, 2, 1, 1, 4, NULL, 1, 1, 3, 1, 1, 1, 1, 1),
(252, 1, 1, 1, 1, 3, 4, 3, 1, 1, NULL, 1, 3, 1, 2, 2, 3, 1, 3, 2, 4, 1, 1, 1),
(253, 1, 2, 4, 1, 4, 1, 3, 1, 2, NULL, 1, 3, 1, 4, NULL, 1, 1, 1, 1, 1, 1, 1, 1),
(254, 1, 1, 1, 1, 2, 3, 3, 1, 2, NULL, 1, 1, 1, 4, NULL, 1, 3, 1, 2, 1, 1, 1, 1),
(255, 1, 1, 1, 1, 1, 1, 3, 1, 2, NULL, 2, 1, 1, 4, NULL, 3, 1, 3, 1, 1, 1, 1, 1),
(256, 2, 2, 2, 1, 4, 2, 1, 1, 2, NULL, 1, 1, 1, 5, NULL, 1, 3, 1, 1, 1, 1, 1, 1),
(257, 2, 2, 2, 1, 4, 1, 3, 1, 1, NULL, NULL, 3, NULL, NULL, NULL, 3, 1, 1, 1, 1, 1, NULL, NULL),
(258, NULL, NULL, NULL, NULL, NULL, NULL, NULL, NULL, NULL, NULL, NULL, NULL, NULL, NULL, NULL, NULL, NULL, NULL, NULL, NULL, NULL, NULL, NULL),
(259, 2, 2, 3, NULL, 2, 2, NULL, 5, NULL, NULL, 1, 2, 1, 5, NULL, 5, 3, 4, 1, 1, 1, 1, 2),
(260, 1, 1, 1, 1, 9, 3, 3, 1, 2, NULL, NULL, 1, NULL, NULL, NULL, 1, 3, 4, 2, 1, 3, 1, 2),
(261, 2, 2, 3, 1, 4, 1, 1, 1, 2, NULL, 2, 1, 1, 5, NULL, 1, 1, 1, 1, 1, 1, 1, 2),
(262, 2, 2, 3, 1, 2, 1, 1, 1, 1, NULL, 2, 1, 1, 2, 2, 1, 1, 1, 1, 1, 1, 1, 2),
(263, 2, 2, 2, 1, 2, 2, 1, 1, 2, NULL, 1, 2, 1, 5, NULL, 3, 3, 1, 1, 1, 1, 1, 2),
(264, 2, 2, 2, 1, 2, 2, 1, 1, 1, NULL, 1, 2, 1, 5, NULL, 1, 3, 1, 1, 1, 1, 1, 2),
(265, 1, 2, 3, 1, 2, 1, 3, 1, 2, NULL, NULL, 3, NULL, NULL, NULL, 3, 2, 3, 1, 1, 1, NULL, NULL),
(266, 4, 1, 1, 1, 2, 2, 3, 1, 2, NULL, 2, 2, 1, 3, 2, 1, 3, 1, 1, 1, 1, 1, 2),
(267, 4, 1, 1, 1, 4, 1, 3, 1, 3, NULL, 2, 1, 1, 2, 2, 1, 1, 3, 1, 1, 1, 1, 2),
(268, 4, 2, 2, 1, 5, 1, 3, 1, 3, NULL, 2, 3, 1, 2, 2, 1, 1, 3, 1, 4, 1, 1, 2),
(269, 1, 2, 4, 1, 3, 1, 3, 1, 1, NULL, 1, 1, 1, 4, NULL, 2, 1, 4, 1, 1, 3, 1, 1),
(270, 1, 1, 1, 1, 1, 1, 3, 1, 2, NULL, 1, 1, 1, 4, NULL, 1, 3, 1, 1, 1, 1, 1, 1),
(271, 1, 1, 1, 1, 3, 1, 1, 1, 1, NULL, 2, 1, 1, 4, NULL, 5, 3, 1, 1, 1, 3, 1, 1),
(272, 1, 1, 1, 1, 3, 1, 1, 1, 1, NULL, 1, 1, 1, 4, NULL, 3, 3, 1, 1, 1, 1, 1, 1),
(273, 1, 1, 1, 1, 7, 1, 1, 4, 1, NULL, 2, 1, 1, 4, NULL, 2, 3, 1, 1, 1, 1, 1, 1),
(274, 1, 1, 1, 1, 1, 1, 1, 4, 2, NULL, 1, 2, 1, 4, NULL, 3, 1, 1, 1, 1, 3, 1, 1),
(275, 1, 1, 1, 1, 1, 1, 1, 1, 2, NULL, 2, 2, 1, 4, NULL, 3, 3, 1, 1, 1, 1, 1, 1),
(276, 1, 2, 4, 1, 9, 1, 3, 1, 1, NULL, 1, 1, 1, 4, NULL, 1, 1, 4, 1, 1, 3, 1, 1),
(277, 1, 1, 1, 1, 1, 1, 1, 1, 1, NULL, 1, 3, 1, 4, NULL, 2, 3, 4, 1, 1, 3, 1, 1),
(278, 2, 1, 1, 1, 1, 3, 3, 1, 1, NULL, 2, 3, 1, 2, 2, 3, 3, 3, 2, 1, 3, 1, 1),
(279, 1, 2, 2, 1, 3, 2, 1, 1, 1, NULL, 2, 2, 1, 5, NULL, 3, 1, 1, 1, 1, 1, 1, 3),
(280, 2, 2, 3, 1, 8, 2, 1, 1, 2, NULL, 2, 2, 1, 5, NULL, 3, 3, 1, 1, 1, 1, 1, 3),
(281, 2, 2, 3, 1, 3, 2, 1, 1, 2, NULL, 2, 2, 1, 5, NULL, 3, 1, 1, 1, 1, 1, 1, 1),
(282, 2, 2, 2, 1, 6, 2, 1, 1, 2, NULL, 2, 1, 1, 3, 2, 1, 3, 5, 1, 1, 1, 1, 2),
(283, 1, 2, 2, 1, 6, 1, 1, 1, 2, NULL, 2, 2, 1, 3, 2, 1, 3, 5, 1, 1, 1, 1, 2),
(284, 1, 2, 2, 1, 3, 1, 1, 4, 2, NULL, 2, 1, 1, 5, NULL, 1, 3, 1, 1, 4, 1, 1, 3),
(285, 1, 2, 2, 1, 6, 2, 1, 1, 2, NULL, 2, 1, 1, 5, NULL, 1, 1, 3, 1, 1, 1, 1, 1),
(286, 2, 1, 1, 1, 1, 3, 3, 4, 3, NULL, 2, 1, 1, 2, 2, 3, 1, 4, 1, 1, 1, 1, 1),
(287, 1, 1, 1, 1, 4, 1, 1, 1, 2, NULL, 2, 1, 1, 5, NULL, 1, 1, 3, 1, 5, 2, 1, 2),
(288, 1, 1, 1, 1, 4, 1, 1, 1, 3, NULL, 1, 3, 1, 6, NULL, 1, 1, 4, 1, 4, 1, 1, 1),
(289, 1, 1, 1, 1, 4, 1, 1, 1, 2, NULL, 2, 1, 1, 4, NULL, 3, 1, 3, 1, 1, 1, 1, 1),
(290, 1, 1, 1, 1, 4, 3, 1, 1, 2, NULL, 2, 3, 1, 4, NULL, 1, 3, 1, 2, 5, 1, 1, 1),
(291, 1, 2, 4, 1, 2, 1, 1, 1, 2, NULL, 2, 1, 1, 4, NULL, 1, 3, 1, 1, 4, 1, 1, 1),
(292, 1, 1, 1, NULL, 5, 1, NULL, 1, 3, NULL, 2, 1, 1, 4, NULL, 1, 2, 2, 1, 1, 1, 1, 2),
(293, 2, 2, 3, 1, NULL, 1, NULL, NULL, NULL, NULL, NULL, NULL, NULL, NULL, NULL, NULL, NULL, NULL, NULL, NULL, NULL, NULL, NULL),
(294, 2, 2, 3, NULL, 2, 1, NULL, 1, 3, NULL, 1, 1, 1, 4, NULL, 1, 2, 2, 1, 5, 1, 1, 1),
(295, 3, 2, 3, 1, 2, 1, 3, 1, 2, NULL, 2, 1, 1, 5, NULL, 1, 3, 1, 1, 5, 1, 1, 1),
(296, 2, 2, 3, 1, 2, 1, 3, 1, 1, NULL, 2, 1, 1, 4, NULL, 1, 1, 3, 1, 5, 1, 1, 1),
(297, 1, 1, 1, 1, 1, 1, 3, 4, 1, NULL, 1, 1, 1, 4, NULL, 5, 3, 1, 1, 1, 1, 1, 1),
(298, 1, 1, 1, 1, 2, 1, 3, 1, 2, NULL, 2, 1, 1, 4, NULL, 1, 1, 1, 1, 1, 1, 1, 1),
(299, 1, 1, 1, 1, 1, 1, 3, 1, 1, NULL, 1, 1, 1, 4, NULL, 1, 1, 3, 1, 1, 1, 1, 1),
(300, 1, 1, 1, 1, 6, 1, 3, 1, 1, NULL, 1, 1, 1, 4, NULL, 1, 1, 4, 1, 1, 1, 1, 1),
(301, 1, 2, 2, 1, 6, 1, 1, 1, 1, NULL, 1, 1, 1, 4, NULL, 5, 3, 1, 1, 1, 1, 1, 1),
(302, 2, 1, 1, 1, 1, 3, 3, 1, 2, NULL, 2, 1, 1, 3, 2, 1, 1, 1, 1, 1, 1, 1, 1),
(303, 1, 2, 4, 1, 3, 1, 1, 1, 2, NULL, 1, 3, 1, 5, NULL, 1, 3, 1, 1, 1, 1, 1, 1),
(304, 1, 1, 1, 1, 1, 1, 3, 1, 2, NULL, 2, 1, 1, 4, NULL, 1, 1, 3, 1, 1, 1, 1, 1),
(305, 1, 1, 1, 1, 3, 1, 3, 1, 2, 2, 2, 2, 1, 1, 2, 1, 1, 6, 1, 1, 3, 1, NULL),
(306, 1, 1, 1, 1, 4, 1, 1, 1, 2, NULL, 2, 1, 1, 5, NULL, 1, 1, 3, 1, 1, 1, 1, 1),
(307, 1, 1, 1, 1, 2, 1, 1, 1, 2, NULL, 2, 3, 1, 6, NULL, 1, 1, 3, 1, 1, 1, 1, 1),
(308, 1, 2, 2, 1, 2, 3, 1, 1, 2, NULL, 2, 2, 1, 4, NULL, 1, 2, 3, 1, 5, 1, 1, 1),
(309, 1, 1, 1, NULL, 2, 1, NULL, 4, 3, NULL, 2, 1, 1, 4, NULL, 3, 2, 2, 1, 1, 1, 1, 1),
(310, 1, 1, 1, NULL, 2, 1, NULL, 4, 2, NULL, 2, 3, 1, 4, NULL, 3, 1, 2, 1, 1, 1, 1, 1),
(311, 2, 1, 1, 1, 4, 1, 3, 1, 2, NULL, NULL, 3, NULL, NULL, NULL, 3, 2, 4, 1, 1, 1, 1, 2),
(312, 1, 1, 1, 1, 4, 3, 2, 1, 1, NULL, 2, 3, 1, 3, 6, 1, 1, 4, 1, 5, 1, 1, 2),
(313, 1, 1, 1, 1, 1, 3, 1, 1, 1, NULL, 1, 1, 1, 4, NULL, 1, 3, 1, 1, 4, 1, 1, 2),
(314, 1, 2, 2, 1, 1, 1, 1, 1, 1, NULL, 1, 3, 1, 4, NULL, 3, 3, 1, 1, 1, 3, 1, 1),
(315, 2, 1, 1, 1, 1, 1, 1, 1, 2, NULL, 2, 1, 1, 4, NULL, 3, 1, 4, 1, 1, 1, 1, 1),
(316, 2, 1, 1, 1, 1, 1, 1, 1, 2, NULL, 2, 1, 1, 4, NULL, 1, 1, 1, 1, 1, 1, 1, 1),
(317, 2, 1, 1, 1, 1, 3, 1, 1, NULL, NULL, 2, 1, 1, 3, 2, 1, 1, 3, 1, 1, 1, 1, 1),
(318, 1, 1, 1, 1, 1, 1, 3, 1, 2, NULL, 2, 1, 1, 4, NULL, 3, 3, 1, 1, 4, 1, 1, 1),
(319, 1, 1, 1, 1, 1, 1, 3, 1, 2, NULL, 2, 1, 1, 4, NULL, 3, 3, 1, 1, 1, 1, 1, 2),
(320, 2, 2, 4, 1, 1, 3, 1, 4, 1, NULL, 1, 1, 1, 4, NULL, 3, 1, 1, 1, 1, 1, 1, 1),
(321, 1, 1, 1, 1, 2, 3, 3, 1, 2, NULL, 1, 1, 1, 3, 2, 1, 1, 4, 1, 1, 1, 1, 1),
(322, 1, 1, 1, 1, 1, 1, 3, 1, 2, NULL, 1, 1, 1, 4, NULL, 3, 3, 1, 1, 1, 3, 1, 1),
(323, 2, 1, 1, 1, 3, 3, 3, 1, 2, NULL, 1, 1, 1, 1, 2, 1, 1, 3, 1, 1, 1, 1, 1),
(324, 1, 1, 1, 1, 2, 3, 3, 1, 2, NULL, 1, 1, 1, 2, 2, 1, 1, 1, 1, 1, 1, 1, 1),
(325, 2, 1, 1, 1, 2, 3, 3, 1, 3, NULL, 1, 1, 1, 2, 2, 1, 1, 4, 2, 4, 1, 1, 1),
(326, 2, 2, 4, 1, 2, 3, 3, 1, 1, NULL, 1, 1, 1, 4, NULL, 1, 3, 1, 1, 1, 1, 1, 1),
(327, 2, 2, 3, NULL, 2, 2, NULL, 1, 1, NULL, 1, 1, 1, 2, 2, 1, 3, 1, 2, 1, 1, 1, 3),
(328, 1, 2, 3, 1, 1, 1, 3, 1, 2, NULL, 1, 1, 1, 2, 2, 1, 1, 1, 1, 1, 1, 1, 1),
(329, 2, 2, 2, 1, 2, 3, 3, 1, 2, NULL, 1, 3, 1, 2, 2, 1, 1, 3, 2, 4, 1, 1, 1),
(330, 2, 1, 1, 1, 1, 4, 3, 1, 2, NULL, 1, 3, 1, 2, 2, 1, 1, 1, 2, 4, 1, 1, 2),
(331, 2, 1, 1, 1, 2, 4, 3, 1, 2, NULL, 1, 3, 1, 3, 2, 1, 1, 3, 2, 1, 1, 1, 2),
(332, 2, 2, 2, 3, 5, 3, 2, 1, 2, NULL, 1, 4, 1, 2, 6, 1, 1, 3, 1, 1, 1, 1, 1),
(333, 2, 2, 2, 1, 4, 3, 3, 1, 1, NULL, 1, 3, 1, 2, 2, 1, 3, 4, 1, 5, 1, 1, 1),
(334, 2, 1, 1, 1, 2, 4, 3, 1, 2, NULL, 1, 3, 1, 3, 2, 1, 1, 3, 2, 1, 1, 1, 1),
(335, 2, 2, 2, NULL, 2, 1, NULL, 1, 2, NULL, 1, 2, 1, 3, 2, 1, 1, 2, 2, 1, 1, 1, 2),
(336, 2, 1, 1, 1, 1, 1, 3, 1, 2, NULL, 1, 1, 1, 3, 2, 1, 1, 2, 1, 1, 1, 1, 1),
(337, 3, 2, 3, 1, 2, 1, 1, 1, 2, NULL, NULL, 1, NULL, NULL, NULL, 1, 3, 4, 1, 1, 1, NULL, NULL),
(338, 3, 2, 3, 1, 2, 2, 3, 1, 2, NULL, 1, 1, 1, 3, 2, 3, 2, 4, 1, 1, 1, 1, 1),
(339, 3, 1, 1, 1, 2, 1, 3, 1, 2, NULL, NULL, 1, NULL, NULL, NULL, 2, 2, 4, 1, 1, 1, NULL, NULL),
(340, 3, 2, 3, 1, 2, 2, 3, 1, 2, NULL, NULL, 2, NULL, NULL, NULL, 1, 1, 3, 1, 1, 1, NULL, NULL),
(341, 3, 2, 3, 1, 2, 2, 1, 1, 3, NULL, NULL, 2, NULL, NULL, NULL, 1, 1, 3, 1, 1, 1, NULL, NULL),
(342, 2, 2, 2, 1, 2, 2, 1, 1, 2, NULL, NULL, 2, NULL, NULL, NULL, 1, 3, 3, 1, 1, 1, NULL, NULL),
(343, 2, 2, 3, 1, 2, 2, 3, 1, 2, NULL, NULL, 2, NULL, NULL, NULL, 3, 1, 4, 1, 1, 1, NULL, NULL),
(344, 1, 2, 2, 1, 4, 1, 3, 1, 3, NULL, NULL, 1, NULL, NULL, NULL, 1, 1, 3, 1, 1, 1, NULL, NULL),
(345, 3, 2, 3, 1, 2, 2, 1, 1, 3, NULL, NULL, 1, NULL, NULL, NULL, 1, 2, 4, 1, 1, 1, NULL, NULL),
(346, 2, 2, 2, 1, 2, 2, 2, 1, 3, NULL, NULL, 2, NULL, NULL, NULL, 1, 1, 1, 1, 1, 1, NULL, NULL),
(347, NULL, 2, 2, 1, 2, 2, 3, 1, 3, NULL, NULL, 2, NULL, NULL, NULL, 1, 3, 4, 1, 1, 1, NULL, NULL),
(348, 4, 1, 1, 1, 2, 1, 1, 1, 2, NULL, NULL, 1, NULL, NULL, NULL, 1, 1, 3, 1, 1, 1, NULL, NULL),
(349, NULL, 1, 1, 1, 2, 2, 1, 1, 3, NULL, 2, 2, 1, 3, 2, 1, 2, 2, 1, 1, 1, 1, 1),
(350, 2, 1, 1, 1, 5, 1, 2, 1, 2, NULL, NULL, 1, NULL, NULL, NULL, 3, 1, 4, 1, 1, 1, NULL, NULL),
(351, 2, 1, 1, 1, 5, 1, 3, 1, 2, NULL, NULL, 3, NULL, NULL, NULL, 3, 2, 4, 1, 4, 1, NULL, NULL),
(352, 3, 2, 3, 1, 2, 1, 3, 1, 2, NULL, 1, 1, 1, 3, 2, 1, 1, 3, 1, 1, 1, 1, 1),
(353, NULL, 2, 4, 1, 4, 1, 3, 1, 2, NULL, 2, 3, 1, 2, 2, 1, 1, 4, 1, 1, 1, 1, 1),
(354, NULL, 2, 4, 1, 2, 1, 3, 1, 2, NULL, 1, 1, 1, 1, 2, 1, 1, 3, 1, 1, 1, 1, 2),
(355, 1, 2, 3, 1, 2, 2, 3, 1, 2, NULL, NULL, 2, NULL, NULL, NULL, 1, 1, 3, 1, 1, 1, NULL, NULL),
(356, 1, 2, 2, 1, 5, 2, 1, 1, 3, NULL, NULL, 2, NULL, NULL, NULL, 1, 1, 3, 1, 1, 1, NULL, NULL),
(357, 4, 1, 1, 1, 1, 1, 1, 2, 3, NULL, NULL, 2, NULL, NULL, NULL, 2, 2, 4, 1, 1, 1, NULL, NULL),
(358, 4, 1, 1, 1, 1, 1, 1, 2, 3, NULL, 2, 2, 1, 2, 6, 2, 2, 3, 1, 1, 1, 1, 1),
(359, 1, 1, 1, 1, 5, 3, 3, 1, 2, NULL, NULL, 3, NULL, NULL, NULL, 1, 3, 1, 1, 5, 1, NULL, NULL),
(360, 4, 1, 1, 1, 1, 1, 1, 2, 3, NULL, NULL, 1, NULL, NULL, NULL, 2, 2, 3, 1, 1, 1, NULL, NULL),
(361, 2, 2, 2, 1, 2, 1, 1, 1, 3, NULL, NULL, 2, NULL, NULL, NULL, 3, 1, 3, 1, 1, 1, NULL, NULL),
(362, 4, 2, 2, 1, 2, 1, 1, 1, 3, NULL, NULL, 2, NULL, NULL, NULL, 1, 1, 3, 1, 1, 1, NULL, NULL),
(363, 4, 1, 1, 1, 2, 1, 3, 1, 1, NULL, NULL, 1, NULL, NULL, NULL, 3, 3, 3, 1, 1, 3, NULL, NULL),
(364, 4, 2, 4, 1, 2, 1, 3, 1, 2, NULL, 2, 1, 1, 2, 2, 1, 3, 1, 1, 1, 3, 1, 1),
(365, 4, 1, 1, 1, 2, 1, 3, 1, 3, NULL, NULL, 2, NULL, NULL, NULL, 1, 1, 4, 1, 1, 1, NULL, NULL),
(366, 1, 2, 4, 1, 2, 1, 1, 1, 2, NULL, NULL, 1, NULL, NULL, NULL, 1, 1, 1, 1, 1, 1, NULL, NULL),
(367, 1, 2, 4, 1, 2, 2, 1, 1, 3, NULL, NULL, 2, NULL, NULL, NULL, 1, 2, 2, 1, 1, 1, NULL, NULL),
(368, 3, 2, 4, 1, 2, 2, 1, 1, 2, NULL, NULL, 2, NULL, NULL, NULL, 3, 2, 3, 1, 1, 1, NULL, NULL),
(369, 1, 2, 4, 1, 2, 1, 3, 1, 2, NULL, NULL, 1, NULL, NULL, NULL, 1, 1, 3, 1, 1, 3, NULL, NULL),
(370, 4, 1, 1, 1, 1, 1, 3, 1, 2, NULL, 2, 1, 1, 2, 2, 1, 1, 4, 1, 1, 1, 1, 1),
(371, 4, 1, 1, 1, 1, 1, 2, 1, 1, NULL, 2, 3, 1, 1, 2, 3, 2, 3, 2, 1, 3, 1, 1),
(372, 4, 2, 4, 1, 1, 1, 1, 1, 1, NULL, 2, 1, 1, 3, 2, 3, 1, 3, 1, 1, 1, 1, 1),
(373, 4, 1, 1, 1, 1, 1, 3, 4, 2, NULL, 2, 1, 1, 1, 2, 3, 1, 3, 2, 1, 1, 1, 1),
(374, 4, 2, 4, 1, 1, 1, 3, 1, 2, NULL, 2, 1, 1, 2, 2, 1, 1, 4, 1, 1, 3, 1, 1),
(375, 2, 2, 2, 1, 2, 2, 1, 1, 2, NULL, NULL, 2, NULL, NULL, NULL, 3, 2, 1, 1, 1, 1, NULL, NULL),
(376, 2, 2, 2, 1, 2, 1, 3, 1, 2, NULL, NULL, 1, NULL, NULL, NULL, 1, 2, 3, 1, 1, 1, NULL, NULL),
(377, 2, 2, 2, 1, 2, 1, 1, 1, 2, NULL, NULL, 2, NULL, NULL, NULL, 1, 1, 4, 1, 1, 1, NULL, NULL),
(378, NULL, 2, 2, 1, 2, 2, 1, 1, 3, NULL, NULL, 2, NULL, NULL, NULL, 1, 3, 1, 1, 1, 1, NULL, NULL),
(379, 1, 1, 1, 1, 1, 1, 3, 2, 3, NULL, NULL, 1, NULL, NULL, NULL, 2, 1, 4, 2, 1, 1, NULL, NULL),
(380, 1, 2, 2, 1, 1, 2, 2, 1, 2, NULL, NULL, 1, NULL, NULL, NULL, 1, 2, 2, 1, 1, 3, NULL, NULL),
(381, 2, 2, 4, 1, 1, 3, 3, 1, 1, NULL, NULL, 1, NULL, NULL, NULL, 3, 3, 4, 1, 1, 3, NULL, NULL),
(382, 1, 2, 4, 1, 1, 3, 3, 1, 1, NULL, 2, 1, 1, 2, 2, 3, 2, 4, 2, 1, 3, 1, 1),
(383, 2, 2, 4, 1, 2, 2, 3, 1, 3, NULL, NULL, 2, NULL, NULL, NULL, 1, 1, 3, 1, 1, 1, NULL, NULL),
(384, 4, 2, 2, 1, 2, 2, 3, 1, 2, NULL, NULL, 2, NULL, NULL, NULL, 1, 1, 4, 1, 1, 3, NULL, NULL),
(385, 2, 2, 3, 1, 2, 2, 1, 1, 3, NULL, 2, 2, 1, 2, 6, 1, 3, 1, 1, 1, 1, 1, 1),
(386, 1, 2, 2, 1, 4, 1, 3, 1, 3, NULL, NULL, 1, NULL, NULL, NULL, 1, 2, 2, 1, 1, 1, NULL, NULL),
(387, NULL, 2, 2, 1, 2, 2, 3, 1, 2, NULL, NULL, 2, NULL, NULL, NULL, 1, 1, 1, 1, 1, 1, NULL, NULL),
(388, 4, 1, 1, 1, 1, 1, 3, 2, 2, NULL, NULL, 1, NULL, NULL, NULL, 2, 1, 3, 1, 1, 1, NULL, NULL),
(389, 3, 2, 3, 1, 2, 2, 3, 1, 2, NULL, 2, 2, 1, 2, 2, 1, 3, 1, 1, 1, 1, 1, 1),
(390, 2, 2, 2, 1, 2, 2, 3, 1, 3, NULL, NULL, 2, NULL, NULL, NULL, 1, 1, 3, 1, 1, 1, NULL, NULL),
(391, 1, 1, 1, 1, 4, 3, 3, 1, 1, NULL, 2, 3, 1, 1, 2, 1, 3, 4, 1, 5, 1, 1, 1),
(392, 4, 1, 1, 1, 2, 3, 2, 4, 2, NULL, 2, 3, 1, 1, 2, 3, 1, 4, 1, 4, 1, 1, 1),
(393, 2, 2, 2, 1, 4, 1, 3, 1, 2, NULL, 2, 3, 1, 2, 2, 1, 1, 3, 1, 1, 1, 1, 1),
(394, 1, 2, 4, 1, 5, 3, 2, 1, 2, NULL, 2, 3, 1, 1, 2, 3, 2, 3, 1, 5, 1, 1, 1),
(395, 4, 2, 2, 1, 4, 3, 2, 1, 2, NULL, 2, 3, 1, 2, 2, 1, 3, 1, 1, 5, 1, 1, 1),
(396, 4, 1, 1, 1, 4, 3, 2, 1, 2, NULL, 2, 1, 1, 2, 2, 1, 3, 1, 1, 4, 1, 1, 1),
(397, 2, 1, 1, 1, 1, 3, 3, 1, 1, NULL, NULL, 1, NULL, NULL, NULL, 3, 2, 3, 1, 1, 1, NULL, NULL),
(398, 2, 2, 4, 1, 1, 3, 2, 1, 2, NULL, 2, 3, 1, 1, 2, 1, 3, 3, 1, 1, 1, 1, 1),
(399, 1, 2, 4, 1, 5, 3, 2, 1, 1, NULL, NULL, 2, NULL, NULL, NULL, 1, 1, 4, 1, 4, 1, NULL, NULL),
(400, 1, 1, 1, 1, 1, 3, 3, 1, 2, NULL, 2, 1, 1, 1, 2, 2, 2, 3, 2, 1, 3, 1, 1),
(401, 2, 2, 2, 1, 2, 2, 1, 1, 2, NULL, NULL, 2, NULL, NULL, NULL, 1, 3, 1, 1, 1, 1, NULL, NULL),
(402, 1, 2, 4, 1, 4, 1, 1, 1, 2, NULL, NULL, 1, NULL, NULL, NULL, 1, 1, 4, 1, 1, 1, NULL, NULL),
(403, 1, 1, 1, 1, 2, 1, 1, 1, 3, NULL, NULL, 1, NULL, NULL, NULL, 1, 2, 2, 1, 1, 1, NULL, NULL),
(404, 4, 2, 4, 1, 2, 1, 3, 1, 3, NULL, NULL, 1, NULL, NULL, NULL, 1, 2, 3, 1, 1, 1, NULL, NULL),
(405, 3, 2, 3, 1, 2, 2, 1, 1, 1, NULL, NULL, 2, NULL, NULL, NULL, 1, 3, 1, 1, 1, 1, NULL, NULL),
(406, 2, 2, 3, 1, 5, 3, 3, 1, 2, NULL, NULL, 4, NULL, NULL, NULL, 1, 2, 2, 1, 5, 2, NULL, NULL),
(407, 4, 1, 4, 2, 1, 1, 3, 1, 2, NULL, NULL, 2, NULL, NULL, NULL, 3, 1, 3, 1, 1, 1, NULL, NULL),
(408, 1, 2, 2, 3, 2, 2, 1, 4, 2, NULL, NULL, 2, NULL, NULL, NULL, 1, 1, 3, 1, 1, 1, NULL, NULL),
(409, 1, 2, 2, 2, 2, 2, 1, 1, 2, NULL, NULL, 2, NULL, NULL, NULL, 1, 1, 3, 1, 1, 1, NULL, NULL),
(410, 1, 2, 4, 1, 2, 1, 3, 1, 1, NULL, 2, 3, 1, 1, 2, 3, 3, 1, 2, 4, 1, 1, 1),
(411, 1, 2, 4, 1, 4, 1, 3, 1, 2, NULL, 1, 3, 1, 3, 6, 2, 3, 1, 1, 1, 1, 1, 1),
(412, 2, 2, 3, 1, 2, 3, 3, 1, 1, NULL, 1, 1, 1, 2, 2, 1, 1, 3, 1, 4, 1, 1, 1),
(413, 1, 1, 1, 1, 5, 3, 3, 1, 1, NULL, 1, 3, 1, 2, 2, 3, 3, 1, 1, 4, 1, 1, 1),
(414, 1, 2, 2, 1, 2, 2, 3, 4, 3, NULL, 1, 1, 1, 3, 2, 3, 3, 4, 2, 1, 1, 1, 2),
(415, 2, 1, 1, 1, 1, 3, 3, 1, 2, NULL, 1, 1, 1, 1, 2, 1, 2, 2, 1, 4, 1, 1, 1),
(416, 1, 1, 1, 1, 2, 3, 1, 1, 2, NULL, 1, 1, 1, 3, 2, 1, 3, 1, 1, 4, 1, 1, 1),
(417, 1, 1, 1, 1, 2, 1, 1, 1, 1, NULL, 2, 1, 1, 1, 2, 1, 1, 4, 1, 4, 1, 1, 1),
(418, 1, 1, 1, 1, 2, 3, 3, 1, 2, NULL, 2, 3, 1, 3, 2, 3, 3, 1, 1, 4, 1, 1, 1),
(419, 1, 2, 2, 1, 4, 3, 3, 1, 3, NULL, 2, 1, 1, 1, 2, 3, 3, 4, 3, 4, 1, 1, 1),
(420, 1, 1, 1, 1, 1, 1, 1, 1, 3, NULL, 2, 2, 1, 3, 2, 3, 3, 1, 2, 1, 1, 1, 1),
(421, 1, 1, 1, 1, 1, 1, 3, 1, 1, NULL, 2, 2, 1, 3, 6, 1, 1, 4, 1, 1, 1, 1, 2),
(422, 1, 1, 1, 1, 1, 1, 1, 1, 2, NULL, 2, 1, 1, 1, 6, 3, 3, 1, 1, 1, 1, 1, 2),
(423, 1, 1, 1, 1, 2, 1, 1, 1, 2, NULL, 2, 1, 1, 3, 6, 1, 3, 1, 1, 1, 1, 1, 2),
(424, 1, 1, 1, 1, 1, 1, 1, 1, 1, NULL, 2, 1, 1, 1, 6, 3, 3, 1, 1, 1, 1, 1, 2),
(425, 1, 1, 1, 1, 5, 1, 3, 1, 1, NULL, 2, 1, 1, 3, 6, 3, 3, 4, 1, 4, 1, 1, 2),
(426, 1, 1, 1, 1, 1, 1, 1, 1, 2, NULL, 2, 1, 1, 3, 6, 1, 3, 4, 1, 1, 1, 1, 2),
(427, 1, 1, 1, 1, 2, 3, 1, 1, 2, NULL, 2, 1, 1, 1, 6, 3, 3, 4, 2, 1, 1, 1, 2),
(428, 1, 1, 1, 1, 2, 1, 1, 1, 2, NULL, 2, 1, 1, 1, 6, 1, 3, 4, 2, 1, 1, 1, 2),
(429, 1, 1, 1, 1, 2, 1, 1, 1, 2, NULL, 2, 1, 1, 1, 6, 2, 1, 4, 1, 1, 1, 1, 2),
(430, 2, 2, 4, 1, 1, 1, 3, 4, 2, NULL, 2, 2, 1, 1, 2, 3, 1, 3, 2, 1, 1, 1, 2),
(431, 2, 2, 4, 1, 2, 1, 3, 4, 3, NULL, 2, 1, 1, 1, 6, 3, 3, 1, 1, 1, 1, 1, 2),
(432, 2, 1, 1, 1, 1, 3, 1, 1, 2, NULL, 2, 1, 1, 1, 6, 3, 3, 1, 1, 1, 1, 1, 1),
(433, 2, 1, 1, 1, 2, 1, 1, 1, 2, NULL, 2, 1, 1, 3, 6, 3, 3, 4, 1, 1, 1, 1, 1),
(434, 2, 1, 1, 1, 2, 1, 1, 1, 2, NULL, 2, 1, 1, 3, 6, 2, 3, 4, 1, 1, 1, 1, 1),
(435, 2, 1, 1, 1, 2, 1, 3, 1, 2, NULL, 1, 3, 1, 1, 6, 1, 1, 4, 1, 1, 1, 1, 1),
(436, 1, 1, 1, 1, 2, 1, 3, 1, 2, NULL, 2, 3, 1, 3, 6, 1, 1, 3, 1, 1, 1, 1, 2),
(437, 1, 2, 2, 1, 3, 2, NULL, 1, 2, NULL, 3, 2, 1, NULL, NULL, 1, 3, NULL, 1, 1, 1, 1, NULL),
(438, 1, 2, 2, 1, 1, 2, NULL, 1, 2, NULL, 2, 2, 1, NULL, NULL, 1, 3, NULL, 1, 1, 1, 1, NULL),
(439, 1, 2, 2, 1, 6, 2, NULL, 1, 2, NULL, 2, 2, 1, NULL, NULL, 1, 3, NULL, 1, 1, 1, 1, NULL),
(440, 1, 2, 2, 1, 1, 1, NULL, 5, 3, NULL, 3, 2, 1, NULL, NULL, 5, 1, NULL, 1, 1, 1, 1, NULL),
(441, 1, 2, 4, 1, 2, 2, NULL, 1, 2, NULL, 2, 1, 1, NULL, NULL, 1, 3, NULL, 1, 1, 1, 1, NULL),
(442, 1, 2, 4, 1, 10, 2, NULL, 1, 2, NULL, 2, 1, 1, NULL, NULL, 1, 3, NULL, 1, 1, 2, 1, NULL),
(443, 1, 2, 2, 1, 11, 1, NULL, 1, 2, NULL, 2, 2, 1, NULL, NULL, 1, 3, NULL, 2, 1, 1, 1, NULL),
(444, 1, 2, 2, 1, 12, 1, NULL, 1, 1, NULL, 2, 2, 1, NULL, NULL, 1, 3, NULL, 1, 1, 1, 1, NULL),
(445, 1, 2, 2, 1, 6, 2, NULL, 1, 1, NULL, 1, 2, 1, NULL, NULL, 5, 3, NULL, 1, 1, 1, 1, NULL),
(446, 1, 2, 1, 1, 13, 1, NULL, 4, 1, NULL, 1, 3, 1, NULL, NULL, 3, 3, NULL, 3, 5, 1, 1, NULL),
(447, 4, 1, 1, 1, 14, 1, NULL, 4, 2, NULL, 3, 1, 1, NULL, NULL, 3, 3, NULL, 1, 4, 1, 1, NULL),
(448, 4, 2, 2, 1, 15, 1, NULL, 1, 2, NULL, 2, 1, 1, NULL, NULL, 1, 3, NULL, 1, 4, 1, 1, NULL),
(449, 4, 1, 1, 1, 15, 3, NULL, 1, 2, NULL, 3, 1, 1, NULL, NULL, 1, 3, NULL, 1, 4, 1, 1, NULL),
(450, 1, 1, 1, 1, 16, 3, NULL, 1, 1, NULL, 2, 1, 1, NULL, NULL, 1, 3, NULL, 1, 4, 1, 1, NULL),
(451, 2, 1, 1, 1, 1, 3, NULL, 1, 2, NULL, 3, 1, 1, NULL, NULL, 1, 3, NULL, 1, 4, 1, 1, NULL),
(452, 2, 1, 1, 1, 1, 3, NULL, 1, 2, NULL, 3, 2, 1, NULL, NULL, 1, 1, NULL, 1, 4, 1, 1, NULL),
(453, 1, 1, 1, 1, 1, 1, NULL, 1, 2, NULL, 3, 2, 1, NULL, NULL, 1, 1, NULL, 1, 4, 1, 1, NULL),
(454, 4, 1, 1, 1, 16, 1, NULL, 5, 2, NULL, 1, 5, 1, NULL, NULL, 1, 3, NULL, 1, 4, 1, 1, NULL),
(455, 4, 1, 1, 1, 16, 1, NULL, 1, 2, NULL, 1, 5, 1, NULL, NULL, 1, 3, NULL, 1, 4, 1, 1, NULL),
(456, 2, 1, 1, 1, 1, 1, NULL, 1, 2, NULL, 3, 2, 1, NULL, NULL, 1, 3, NULL, 1, 4, 1, 1, NULL),
(457, 1, 2, 2, 1, 1, 1, NULL, 1, 2, NULL, 1, 2, 1, NULL, NULL, 5, 3, NULL, 1, 4, 1, 1, NULL),
(458, 2, 2, 2, 1, 1, 3, NULL, 1, 2, NULL, 2, 1, 1, NULL, NULL, 1, 3, NULL, 1, 4, 1, 1, NULL),
(459, 1, 1, 1, 1, 2, 1, NULL, 2, 2, NULL, 2, 1, 1, NULL, NULL, 1, 3, NULL, 1, 4, 1, 1, NULL),
(460, 2, 1, 1, 1, 1, 1, NULL, 1, 2, NULL, 2, 2, 1, NULL, NULL, 1, 3, NULL, 1, 1, 1, 1, NULL),
(461, 4, 1, 1, 1, 15, 1, NULL, 1, 2, NULL, 3, 1, 1, NULL, NULL, 1, 3, NULL, 1, 4, 1, 1, NULL),
(462, 1, 1, 1, 1, 15, 1, NULL, 1, 2, NULL, 1, 1, 1, NULL, NULL, 1, 3, NULL, 1, 4, 1, 1, NULL),
(463, 4, 1, 1, 1, 2, 1, NULL, 1, 2, NULL, 1, 1, 1, NULL, NULL, 1, 3, NULL, 1, 1, 1, 1, NULL),
(464, 4, 1, 1, 1, 15, 3, NULL, 1, 2, NULL, 1, 1, 1, NULL, NULL, 1, 3, NULL, 1, 4, 1, 1, NULL),
(465, 4, 1, 1, 1, 14, 3, NULL, 4, 2, NULL, 3, 1, 1, NULL, NULL, 1, 3, NULL, 1, 4, 1, 1, NULL),
(466, 4, 1, 1, 1, 1, 1, NULL, 1, 2, NULL, 2, 1, 1, NULL, NULL, 1, 3, NULL, 1, 4, 1, 1, NULL),
(467, 4, 1, 1, 1, 14, 3, NULL, 1, 2, NULL, 2, 1, 1, NULL, NULL, 1, 1, NULL, 1, 5, 1, 1, NULL),
(468, 1, 2, 2, 1, 4, 3, NULL, 1, 2, NULL, 3, 3, 1, NULL, NULL, 1, 3, NULL, 1, 4, 1, 1, NULL),
(469, 1, 1, 1, 1, 2, 1, NULL, 1, 2, NULL, 2, 1, 1, NULL, NULL, 1, 3, NULL, 1, 1, 1, 1, NULL),
(470, 1, 1, 1, 1, 17, 1, NULL, 1, 2, NULL, 2, 1, 1, NULL, NULL, 1, 3, NULL, 1, 4, 1, 1, NULL),
(471, 1, 1, 1, 1, 1, 1, NULL, 1, 2, NULL, 1, 1, 1, NULL, NULL, 1, 3, NULL, 1, 4, 1, 1, NULL),
(472, 1, 2, 2, 1, 1, 3, NULL, 1, 2, NULL, 3, 1, 1, NULL, NULL, 1, 3, NULL, 1, 4, 1, 1, NULL),
(473, 1, 2, 2, 1, 14, 1, NULL, 1, 2, NULL, 2, 1, 1, NULL, NULL, 1, 3, NULL, 1, 4, 1, 1, NULL),
(474, 4, 1, 1, 1, 15, 3, NULL, 1, 2, NULL, 2, 3, 1, NULL, NULL, 1, 3, NULL, 1, 4, 1, 1, NULL),
(475, 1, 2, 4, 1, 1, 3, NULL, 1, 2, NULL, 1, 1, 1, NULL, NULL, 1, 1, NULL, 1, 4, 1, 1, NULL),
(476, 1, 2, 2, 1, 17, 3, NULL, 2, 2, NULL, 1, 1, 1, NULL, NULL, 1, 3, NULL, 1, 5, 1, 1, NULL),
(477, 1, 1, 1, 1, 4, 1, NULL, 1, 1, NULL, 2, 1, 1, NULL, 4, 3, 3, 1, 2, 1, 1, NULL, NULL),
(478, 2, 1, 1, 1, 1, 3, NULL, 3, 1, NULL, 2, 1, 1, NULL, 4, 2, 1, 1, 2, 1, 1, NULL, NULL),
(479, 1, 1, 1, 1, 2, 3, NULL, 1, 1, NULL, 2, 1, 1, NULL, 4, 2, 3, 1, 2, 1, 1, NULL, NULL),
(480, 1, 1, 1, 1, 4, 3, NULL, 1, 1, NULL, 1, 3, 1, NULL, 4, 1, 3, 1, 2, 4, 1, NULL, NULL),
(481, 1, 1, 1, 1, 1, 3, NULL, 3, 1, NULL, 2, 1, 1, NULL, 4, 2, 1, 1, 2, 1, 1, NULL, NULL),
(482, 1, 1, 1, 1, 4, 3, NULL, 1, 1, NULL, 3, 1, 1, NULL, 4, 2, 3, 1, 2, 4, 2, NULL, NULL),
(483, 2, 1, 1, 1, 3, 3, NULL, 3, 1, NULL, 2, 1, 1, NULL, 4, 2, 3, 1, 2, 1, 1, NULL, NULL),
(484, 1, 1, 1, 1, 1, 3, NULL, 1, 1, NULL, 2, 3, 1, NULL, 4, 2, 3, 1, 2, 1, 1, NULL, NULL),
(485, 2, 1, 1, 1, 4, 3, NULL, 3, 1, NULL, 2, 1, 1, NULL, 4, 2, 3, 1, 2, 1, 1, NULL, NULL),
(486, 1, 1, 1, 1, 3, 3, NULL, 3, 1, NULL, 2, 2, 1, NULL, 5, 2, 3, 1, 2, 1, 3, NULL, NULL),
(487, 1, 1, 1, 1, 3, 1, NULL, 1, 1, NULL, 2, 1, 1, NULL, 4, 2, 3, 1, 2, 1, 1, NULL, NULL),
(488, 4, 1, 1, 1, 2, 3, NULL, 3, 1, NULL, 2, 1, 1, NULL, 4, 2, 3, 1, 2, 1, 1, NULL, NULL),
(489, 4, 1, 1, 1, 6, 3, NULL, 3, 1, NULL, 2, 1, 1, NULL, 4, 1, 3, 1, 2, 1, 3, NULL, NULL),
(490, 4, 1, 1, 1, 3, 3, NULL, 1, 1, NULL, 2, 1, 1, NULL, 4, 1, 3, 1, 2, 1, 1, NULL, NULL),
(491, 4, 1, 1, 1, 2, 3, NULL, 3, 1, NULL, 2, 2, 1, NULL, 4, 6, 3, 1, 2, 1, 1, NULL, NULL),
(492, 1, 1, 1, 1, 1, 3, NULL, 1, 3, NULL, 1, 1, 1, NULL, 4, 2, 3, 1, 2, 1, 1, NULL, NULL),
(493, 2, 1, 1, 1, 2, 1, NULL, 1, 3, NULL, 3, 2, 1, NULL, 5, 6, 3, 1, 2, 1, 1, NULL, NULL),
(494, 1, 1, 1, 1, 6, 3, NULL, 3, 1, NULL, 3, 2, 1, NULL, 4, 2, 3, 1, 2, 1, 1, NULL, NULL),
(495, 1, 1, 1, 1, 2, 1, NULL, 1, 3, NULL, 1, 2, 1, NULL, 5, 2, 3, 1, 2, 1, 1, NULL, NULL),
(496, 2, 1, 1, 2, 2, 3, NULL, 1, 3, NULL, 2, 2, 1, NULL, 4, 2, 3, 1, 1, 1, 1, NULL, NULL),
(497, 4, 1, 1, 1, 2, 3, NULL, 1, 4, NULL, 2, 3, 1, NULL, 4, 1, 1, 1, 1, 1, 4, NULL, NULL),
(498, 1, 1, 1, 1, 2, 1, NULL, 3, 1, NULL, 2, 3, 1, NULL, 2, 3, 3, 1, 2, 1, 1, NULL, NULL),
(499, 2, 1, 1, 2, 3, 1, NULL, 3, 1, NULL, 2, 2, 1, NULL, 2, 3, 3, 1, 1, 1, 1, NULL, NULL),
(500, 2, 1, 1, 1, 2, 1, NULL, 3, 1, NULL, 2, 2, 1, NULL, 7, 3, 3, 1, 2, 1, 1, NULL, NULL),
(501, 2, 1, 1, 1, 4, 1, NULL, 3, 1, NULL, 2, 1, 1, NULL, 7, 3, 3, 1, 1, 1, 1, NULL, NULL),
(502, 4, 1, 1, 2, 2, 1, NULL, 1, 1, NULL, 2, 1, 1, NULL, 4, 1, 1, 1, 1, 1, 1, NULL, NULL),
(503, 2, 1, 1, 1, 1, 1, NULL, 1, 3, NULL, 2, 2, 1, NULL, 4, 6, 3, 1, 1, 1, 1, NULL, NULL),
(504, 2, 1, 1, 1, 1, 1, NULL, 1, 1, NULL, 2, 1, 1, NULL, 4, 1, 1, 1, 1, 1, 1, NULL, NULL),
(505, 1, 1, 1, 1, 3, 1, NULL, 3, 1, NULL, 2, 2, 1, NULL, 8, 6, 3, 1, 1, 1, 1, NULL, NULL),
(506, 2, 1, 1, 1, 4, 1, NULL, 1, 1, NULL, 2, 1, 1, NULL, 5, 6, 3, 1, 2, 1, 2, NULL, NULL),
(507, 4, 1, 1, 1, 7, 1, NULL, 1, 3, NULL, 2, 2, 1, NULL, 4, 6, 3, 3, 2, 1, 1, NULL, NULL),
(508, 1, 1, 1, 1, 4, 1, NULL, 3, 1, NULL, 2, 3, 1, NULL, 7, 3, 3, 1, 2, 1, 1, NULL, NULL),
(509, 2, 1, 1, 1, 2, 3, NULL, 3, 1, NULL, 2, 1, 1, NULL, 4, 2, 3, 1, 2, 1, 1, NULL, NULL),
(510, 4, 1, 1, 1, 3, 1, NULL, 3, 1, NULL, 2, 2, 1, NULL, 4, 6, 3, 4, 1, 1, 1, NULL, NULL),
(511, 1, 1, 1, 1, 9, 1, NULL, 3, 1, NULL, 2, 1, 1, NULL, 4, 1, 3, 1, 2, 1, 1, NULL, NULL),
(512, 2, 1, 1, 1, 2, 1, NULL, 3, 1, NULL, 2, 1, 1, NULL, 4, 2, 2, 1, 2, 1, 1, NULL, NULL),
(513, 4, 1, 1, 2, 4, 1, NULL, 1, 1, NULL, 2, 2, 1, NULL, 4, 6, 1, 1, 1, 1, 1, NULL, NULL),
(514, 4, 1, 1, 1, 5, 1, NULL, 1, 1, NULL, 2, 3, 1, NULL, 4, 1, 3, 1, 3, 4, 2, NULL, NULL);

-- --------------------------------------------------------

--
-- Table structure for table `fruit_blossom_end_shape`
--

CREATE TABLE `fruit_blossom_end_shape` (
  `id_fruit_blossom_end_shape` int(11) NOT NULL,
  `fruit_blossom_end_shape` varchar(255) COLLATE utf32_unicode_ci NOT NULL
) ENGINE=InnoDB DEFAULT CHARSET=utf32 COLLATE=utf32_unicode_ci;

--
-- Dumping data for table `fruit_blossom_end_shape`
--

INSERT INTO `fruit_blossom_end_shape` (`id_fruit_blossom_end_shape`, `fruit_blossom_end_shape`) VALUES
(1, 'flat'),
(2, 'indented'),
(3, 'pointed'),
(4, 'flat, indented');

-- --------------------------------------------------------

--
-- Table structure for table `fruit_cross_sectional_shape`
--

CREATE TABLE `fruit_cross_sectional_shape` (
  `id_fruit_cross_sectional_shape` int(11) NOT NULL,
  `fruit_cross_sectional_shape` varchar(255) COLLATE utf32_unicode_ci NOT NULL
) ENGINE=InnoDB DEFAULT CHARSET=utf32 COLLATE=utf32_unicode_ci;

--
-- Dumping data for table `fruit_cross_sectional_shape`
--

INSERT INTO `fruit_cross_sectional_shape` (`id_fruit_cross_sectional_shape`, `fruit_cross_sectional_shape`) VALUES
(1, 'round'),
(2, 'angular'),
(3, 'irregular');

-- --------------------------------------------------------

--
-- Table structure for table `fruit_firmness_after_storage`
--

CREATE TABLE `fruit_firmness_after_storage` (
  `id_fruit_firmness_after_storage` int(11) NOT NULL,
  `fruit_firmness_after_storage` varchar(255) COLLATE utf32_unicode_ci NOT NULL
) ENGINE=InnoDB DEFAULT CHARSET=utf32 COLLATE=utf32_unicode_ci;

--
-- Dumping data for table `fruit_firmness_after_storage`
--

INSERT INTO `fruit_firmness_after_storage` (`id_fruit_firmness_after_storage`, `fruit_firmness_after_storage`) VALUES
(1, 'intermediate'),
(2, 'soft'),
(3, 'firm');

-- --------------------------------------------------------

--
-- Table structure for table `fruit_pubescence`
--

CREATE TABLE `fruit_pubescence` (
  `id_fruit_pubescence` int(11) NOT NULL,
  `fruit_pubescence` varchar(255) COLLATE utf32_unicode_ci NOT NULL
) ENGINE=InnoDB DEFAULT CHARSET=utf32 COLLATE=utf32_unicode_ci;

--
-- Dumping data for table `fruit_pubescence`
--

INSERT INTO `fruit_pubescence` (`id_fruit_pubescence`, `fruit_pubescence`) VALUES
(1, 'sparse'),
(2, 'intermediate'),
(3, 'dense');

-- --------------------------------------------------------

--
-- Table structure for table `fruit_shoulder_shape`
--

CREATE TABLE `fruit_shoulder_shape` (
  `id_fruit_shoulder_shape` int(11) NOT NULL,
  `fruit_shoulder_shape` varchar(255) COLLATE utf32_unicode_ci NOT NULL
) ENGINE=InnoDB DEFAULT CHARSET=utf32 COLLATE=utf32_unicode_ci;

--
-- Dumping data for table `fruit_shoulder_shape`
--

INSERT INTO `fruit_shoulder_shape` (`id_fruit_shoulder_shape`, `fruit_shoulder_shape`) VALUES
(1, 'slightly depressed'),
(2, 'flat'),
(3, 'moderately depressed'),
(4, 'strongly depressed'),
(5, 'slightly depressed, moderately depressed');

-- --------------------------------------------------------

--
-- Table structure for table `fruit_size`
--

CREATE TABLE `fruit_size` (
  `id_fruit_size` int(11) NOT NULL,
  `fruit_size` varchar(255) COLLATE utf32_unicode_ci NOT NULL
) ENGINE=InnoDB DEFAULT CHARSET=utf32 COLLATE=utf32_unicode_ci;

--
-- Dumping data for table `fruit_size`
--

INSERT INTO `fruit_size` (`id_fruit_size`, `fruit_size`) VALUES
(1, 'very small'),
(2, 'small'),
(3, 'intermediate'),
(4, 'large'),
(5, 'very large');

-- --------------------------------------------------------

--
-- Table structure for table `fruit_size_homogeneity`
--

CREATE TABLE `fruit_size_homogeneity` (
  `id_fruit_size_homogeneity` int(11) NOT NULL,
  `fruit_size_homogeneity` varchar(255) COLLATE utf32_unicode_ci NOT NULL
) ENGINE=InnoDB DEFAULT CHARSET=utf32 COLLATE=utf32_unicode_ci;

--
-- Dumping data for table `fruit_size_homogeneity`
--

INSERT INTO `fruit_size_homogeneity` (`id_fruit_size_homogeneity`, `fruit_size_homogeneity`) VALUES
(1, 'high'),
(2, 'low'),
(3, 'intermediate');

-- --------------------------------------------------------

--
-- Table structure for table `gallery`
--

CREATE TABLE `gallery` (
  `id_gallery` int(11) NOT NULL,
  `id_fact_toamto` int(11) NOT NULL,
  `id_photo` int(11) NOT NULL,
  `organ` enum('plant','fruit','flower','leaf') COLLATE utf32_unicode_ci NOT NULL
) ENGINE=InnoDB DEFAULT CHARSET=utf32 COLLATE=utf32_unicode_ci;

-- --------------------------------------------------------

--
-- Table structure for table `hypocotyl_colour`
--

CREATE TABLE `hypocotyl_colour` (
  `id_hypocotyl_colour` int(11) NOT NULL,
  `hypocotyl_colour` varchar(255) COLLATE utf32_unicode_ci NOT NULL
) ENGINE=InnoDB DEFAULT CHARSET=utf32 COLLATE=utf32_unicode_ci;

--
-- Dumping data for table `hypocotyl_colour`
--

INSERT INTO `hypocotyl_colour` (`id_hypocotyl_colour`, `hypocotyl_colour`) VALUES
(1, 'purple'),
(2, '1/4 purple from the base'),
(3, '1/2 purple from the base'),
(4, 'green'),
(5, 'green/purple');

-- --------------------------------------------------------

--
-- Table structure for table `hypocotyl_colour_intensity`
--

CREATE TABLE `hypocotyl_colour_intensity` (
  `id_hypocotyl_colour_intensity` int(11) NOT NULL,
  `hypocotyl_colour_intensity` varchar(255) COLLATE utf32_unicode_ci NOT NULL
) ENGINE=InnoDB DEFAULT CHARSET=utf32 COLLATE=utf32_unicode_ci;

--
-- Dumping data for table `hypocotyl_colour_intensity`
--

INSERT INTO `hypocotyl_colour_intensity` (`id_hypocotyl_colour_intensity`, `hypocotyl_colour_intensity`) VALUES
(1, 'low'),
(2, 'intermediate'),
(3, 'high');

-- --------------------------------------------------------

--
-- Table structure for table `hypocotyl_pubescence`
--

CREATE TABLE `hypocotyl_pubescence` (
  `id_hypocotyl_pubescence` int(11) NOT NULL,
  `hypocotyl_pubescence` varchar(255) COLLATE utf32_unicode_ci NOT NULL
) ENGINE=InnoDB DEFAULT CHARSET=utf32 COLLATE=utf32_unicode_ci;

--
-- Dumping data for table `hypocotyl_pubescence`
--

INSERT INTO `hypocotyl_pubescence` (`id_hypocotyl_pubescence`, `hypocotyl_pubescence`) VALUES
(1, 'present'),
(2, 'absent');

-- --------------------------------------------------------

--
-- Table structure for table `inflorescence_type`
--

CREATE TABLE `inflorescence_type` (
  `id_inflorescence_type` int(11) NOT NULL,
  `inflorescence_type` varchar(255) COLLATE utf32_unicode_ci NOT NULL
) ENGINE=InnoDB DEFAULT CHARSET=utf32 COLLATE=utf32_unicode_ci;

--
-- Dumping data for table `inflorescence_type`
--

INSERT INTO `inflorescence_type` (`id_inflorescence_type`, `inflorescence_type`) VALUES
(1, 'generally uniparous'),
(2, 'both'),
(3, 'generally multiparous');

-- --------------------------------------------------------

--
-- Table structure for table `intensity_of_exterior_colour`
--

CREATE TABLE `intensity_of_exterior_colour` (
  `id_intensity_of_exterior_colour` int(11) NOT NULL,
  `intensity_of_exterior_colour` varchar(255) COLLATE utf32_unicode_ci NOT NULL
) ENGINE=InnoDB DEFAULT CHARSET=utf32 COLLATE=utf32_unicode_ci;

--
-- Dumping data for table `intensity_of_exterior_colour`
--

INSERT INTO `intensity_of_exterior_colour` (`id_intensity_of_exterior_colour`, `intensity_of_exterior_colour`) VALUES
(1, 'light'),
(2, 'intermediate'),
(3, 'dark'),
(4, 'light, dark');

-- --------------------------------------------------------

--
-- Table structure for table `intensity_of_greenback`
--

CREATE TABLE `intensity_of_greenback` (
  `id_intensity_of_greenback` int(11) NOT NULL,
  `intensity_of_greenback` varchar(255) COLLATE utf32_unicode_ci NOT NULL
) ENGINE=InnoDB DEFAULT CHARSET=utf32 COLLATE=utf32_unicode_ci;

--
-- Dumping data for table `intensity_of_greenback`
--

INSERT INTO `intensity_of_greenback` (`id_intensity_of_greenback`, `intensity_of_greenback`) VALUES
(1, 'none'),
(2, 'intermediate'),
(3, 'strong'),
(4, 'slight');

-- --------------------------------------------------------

--
-- Table structure for table `leaf_attitude`
--

CREATE TABLE `leaf_attitude` (
  `id_leaf_attitude` int(11) NOT NULL,
  `leaf_attitude` varchar(255) COLLATE utf32_unicode_ci NOT NULL
) ENGINE=InnoDB DEFAULT CHARSET=utf32 COLLATE=utf32_unicode_ci;

--
-- Dumping data for table `leaf_attitude`
--

INSERT INTO `leaf_attitude` (`id_leaf_attitude`, `leaf_attitude`) VALUES
(1, 'semi-erect'),
(2, 'horizontal'),
(3, 'drooping');

-- --------------------------------------------------------

--
-- Table structure for table `leaf_type`
--

CREATE TABLE `leaf_type` (
  `id_leaf_type` int(11) NOT NULL,
  `leaf_type` varchar(255) COLLATE utf32_unicode_ci NOT NULL
) ENGINE=InnoDB DEFAULT CHARSET=utf32 COLLATE=utf32_unicode_ci;

--
-- Dumping data for table `leaf_type`
--

INSERT INTO `leaf_type` (`id_leaf_type`, `leaf_type`) VALUES
(1, 'standard'),
(2, 'peruvianum'),
(3, 'potato leaf type'),
(4, 'pimpinellifolium'),
(5, 'dwarf'),
(6, 'hirsutum');

-- --------------------------------------------------------

--
-- Table structure for table `member`
--

CREATE TABLE `member` (
  `id_member` int(11) NOT NULL,
  `username` varchar(255) COLLATE utf8_unicode_ci NOT NULL,
  `password` varchar(255) COLLATE utf8_unicode_ci NOT NULL,
  `firstname` varchar(255) COLLATE utf8_unicode_ci DEFAULT NULL,
  `lastname` varchar(255) COLLATE utf8_unicode_ci DEFAULT NULL,
  `email` varchar(255) COLLATE utf8_unicode_ci NOT NULL,
  `permission` enum('member','admin','expert') COLLATE utf8_unicode_ci NOT NULL,
  `status` enum('Active','Waiting','Blocked') COLLATE utf8_unicode_ci NOT NULL,
  `login_fail` int(10) UNSIGNED NOT NULL DEFAULT '0',
  `login_date` datetime DEFAULT NULL,
  `pictrue` varchar(255) COLLATE utf8_unicode_ci DEFAULT NULL
) ENGINE=InnoDB DEFAULT CHARSET=utf8 COLLATE=utf8_unicode_ci;

--
-- Dumping data for table `member`
--

INSERT INTO `member` (`id_member`, `username`, `password`, `firstname`, `lastname`, `email`, `permission`, `status`, `login_fail`, `login_date`, `pictrue`) VALUES
(1, 'user01', 'b75705d7e35e7014521a46b532236ec3', 'Natcharin', 'Janhom', 'user01@gmail.com', 'member', 'Active', 0, '2018-12-07 00:00:00', 'theme/assets/images/faces/face2.jpg'),
(2, 'admin01', '18c6d818ae35a3e8279b5330eda01498', 'IamAdminOne', 'pj', 'user02@gmail.com', 'admin', 'Active', 0, '2018-12-20 00:36:45', 'theme/assets/images/faces/blank_face.jpg'),
(3, 'user02', '81dc9bdb52d04dc20036dbd8313ed055', 'Asree1', 'Wangjaem', 'madeena_20@hotmail.com', 'member', 'Active', 0, '2018-12-12 00:00:00', NULL),
(4, 'user03', '81dc9bdb52d04dc20036dbd8313ed055', 'Asree5', 'Wangjaem', 'madeena_20@hotmail.com', 'member', 'Active', 0, '2018-12-19 23:51:49', NULL),
(5, 'user04', '81dc9bdb52d04dc20036dbd8313ed055', 'Asree3', 'Wangjaem', 'madeena_20@hotmail.com', 'member', 'Active', 0, '2018-12-13 00:00:00', NULL),
(6, 'user05', '81dc9bdb52d04dc20036dbd8313ed055', 'Asree4', 'Wangjaem', 'madeena_20@hotmail.com', 'member', 'Active', 0, '2018-12-11 00:00:00', NULL),
(8, 'madeena', 'e10adc3949ba59abbe56e057f20f883e', 'madeena', 'wangjam', 'test@mail.com', 'expert', 'Blocked', 0, NULL, NULL),
(9, 'madeena1', 'e10adc3949ba59abbe56e057f20f883e', 'madeena1', 'wangjam1', 'test@mail.com', 'expert', 'Waiting', 0, NULL, NULL),
(10, 'madeena12', 'e10adc3949ba59abbe56e057f20f883e', 'madeena12', 'wangjam12', 'test@mail.com', 'expert', 'Active', 0, NULL, NULL),
(11, 'madeena123', 'e10adc3949ba59abbe56e057f20f883e', 'madeena123', 'wangjam123', 'test@mail.com', 'expert', 'Active', 0, NULL, NULL),
(12, 'madeena1231', 'e10adc3949ba59abbe56e057f20f883e', 'madeena1231', 'wangjam123', 'test@mail.com', 'expert', 'Active', 0, NULL, NULL),
(13, 'madeena12311', 'e10adc3949ba59abbe56e057f20f883e', 'madeena12311', 'wangjam1231', 'test@mail.com', 'expert', 'Active', 0, NULL, NULL),
(14, 'Natcharin001', 'e10adc3949ba59abbe56e057f20f883e', 'natcharin', 'janhom', 'mail@mail.com', 'admin', 'Active', 0, NULL, NULL);

-- --------------------------------------------------------

--
-- Table structure for table `number_of_leaves_under_1st_inflorescence`
--

CREATE TABLE `number_of_leaves_under_1st_inflorescence` (
  `id_number_of_leaves_under_1st_inflorescence` int(11) NOT NULL,
  `number_of_leaves_under_1st_inflorescence` varchar(255) COLLATE utf32_unicode_ci NOT NULL
) ENGINE=InnoDB DEFAULT CHARSET=utf32 COLLATE=utf32_unicode_ci;

--
-- Dumping data for table `number_of_leaves_under_1st_inflorescence`
--

INSERT INTO `number_of_leaves_under_1st_inflorescence` (`id_number_of_leaves_under_1st_inflorescence`, `number_of_leaves_under_1st_inflorescence`) VALUES
(1, 'many'),
(2, 'few');

-- --------------------------------------------------------

--
-- Table structure for table `photo`
--

CREATE TABLE `photo` (
  `id_photo` int(11) NOT NULL,
  `path` varchar(255) COLLATE utf32_unicode_ci NOT NULL
) ENGINE=InnoDB DEFAULT CHARSET=utf32 COLLATE=utf32_unicode_ci;

-- --------------------------------------------------------

--
-- Table structure for table `plant`
--

CREATE TABLE `plant` (
  `id_plant` int(11) NOT NULL,
  `id_plant_growth_type` int(11) DEFAULT NULL,
  `id_plant_size` int(11) DEFAULT NULL,
  `id_stem_pubescence_density` int(11) DEFAULT NULL,
  `id_stem_internode_length` int(11) DEFAULT NULL,
  `id_foliage_density` int(11) DEFAULT NULL,
  `id_number_of_leaves_under_1st_inflorescence` int(11) DEFAULT NULL,
  `id_leaf_attitude` int(11) DEFAULT NULL,
  `id_leaf_type` int(11) DEFAULT NULL,
  `id_degree_of_leaf_dissection` int(11) DEFAULT NULL,
  `id_anthocyanin_colouration_of_leaf_veins` int(11) DEFAULT NULL
) ENGINE=InnoDB DEFAULT CHARSET=utf32 COLLATE=utf32_unicode_ci;

--
-- Dumping data for table `plant`
--

INSERT INTO `plant` (`id_plant`, `id_plant_growth_type`, `id_plant_size`, `id_stem_pubescence_density`, `id_stem_internode_length`, `id_foliage_density`, `id_number_of_leaves_under_1st_inflorescence`, `id_leaf_attitude`, `id_leaf_type`, `id_degree_of_leaf_dissection`, `id_anthocyanin_colouration_of_leaf_veins`) VALUES
(1, 1, NULL, 1, NULL, 1, 1, 1, 1, NULL, 1),
(2, 2, NULL, 1, NULL, 1, 1, 1, 1, NULL, 1),
(3, 2, NULL, 1, NULL, 2, 1, 1, 1, NULL, 1),
(4, 2, NULL, 2, NULL, 1, 1, 1, 2, NULL, 1),
(5, 2, NULL, 1, NULL, 1, 1, 1, 2, NULL, 1),
(6, 2, NULL, 1, NULL, 1, 1, 1, 1, NULL, 1),
(7, 2, NULL, 1, NULL, 2, 1, 1, 1, NULL, 1),
(8, 2, NULL, 1, NULL, 1, 1, 1, 1, NULL, 1),
(9, 2, NULL, 1, NULL, 2, 1, 1, 2, NULL, 1),
(10, 2, NULL, 2, NULL, 1, 1, 1, 2, NULL, 1),
(11, 2, NULL, 1, NULL, 1, 1, 1, 2, NULL, 1),
(12, 2, NULL, 1, NULL, 1, 1, 1, 2, NULL, 1),
(13, 1, NULL, 1, NULL, 1, 1, 1, 1, NULL, 1),
(14, 2, NULL, 1, NULL, 1, 1, 1, 2, NULL, 1),
(15, 1, NULL, 2, NULL, 2, 1, 1, 2, NULL, 1),
(16, 2, NULL, 1, NULL, 1, 1, 1, 3, NULL, 1),
(17, 2, NULL, 1, NULL, 1, 1, 1, 2, NULL, 1),
(18, 2, NULL, 1, NULL, 1, 1, 1, 2, NULL, 1),
(19, 2, NULL, 1, NULL, 1, 1, 1, 2, NULL, 1),
(20, 2, NULL, 1, NULL, 1, 1, 1, 1, NULL, 1),
(21, 2, NULL, 1, NULL, 1, 1, 1, 1, 1, 1),
(22, 2, NULL, 1, NULL, 1, 1, 1, 1, NULL, 1),
(23, 2, NULL, 2, NULL, 2, 1, 1, 2, NULL, 1),
(24, 2, NULL, 1, NULL, 1, 1, 1, 3, NULL, 1),
(25, 2, NULL, 1, NULL, 1, 1, 1, 2, NULL, 1),
(26, 2, NULL, 1, NULL, 1, 1, 1, 2, 1, 1),
(27, 2, NULL, 1, NULL, 1, 1, 1, 1, NULL, 1),
(28, 2, NULL, 1, NULL, 1, 1, 1, 1, NULL, 1),
(29, 2, NULL, 1, NULL, 1, 1, 1, 1, NULL, 1),
(30, 3, NULL, 1, NULL, 2, 2, 1, 2, NULL, 1),
(31, 2, NULL, 1, NULL, 1, 1, 1, 1, NULL, 1),
(32, 2, NULL, 1, NULL, 1, 1, 1, 1, NULL, 1),
(33, 2, NULL, 1, NULL, 2, 1, 1, 1, NULL, 1),
(34, 2, NULL, 1, NULL, 1, 1, 1, 1, NULL, 1),
(35, 2, NULL, 1, NULL, 2, 1, 1, 1, NULL, 1),
(36, 2, NULL, 1, NULL, 1, 1, 1, 1, NULL, 1),
(37, 1, NULL, 1, NULL, 1, 1, 1, 2, NULL, 1),
(38, 2, NULL, 1, NULL, 1, 1, 1, 2, NULL, 1),
(39, 1, NULL, 2, NULL, 1, 1, 1, 1, NULL, 1),
(40, 2, NULL, 1, NULL, 1, 2, 1, 1, NULL, 1),
(41, 2, NULL, 1, NULL, 1, 1, 1, 1, NULL, 1),
(42, 2, NULL, 1, NULL, 1, 1, 1, 1, NULL, 1),
(43, 2, NULL, 1, NULL, 1, 2, 1, 1, NULL, 1),
(44, 1, NULL, 1, NULL, 2, 1, 1, 1, NULL, 1),
(45, 1, NULL, 2, NULL, 1, 1, 1, 1, 1, 1),
(46, 2, NULL, 1, NULL, 1, 1, 1, 2, NULL, 1),
(47, 3, NULL, 1, NULL, 1, 2, 1, 1, 1, 1),
(48, 2, NULL, 1, NULL, 1, 1, 1, 1, NULL, 1),
(49, 2, NULL, 1, NULL, 1, 1, 1, 1, NULL, 1),
(50, 2, NULL, 1, NULL, 1, 1, 1, 1, NULL, 1),
(51, 2, NULL, 1, NULL, 1, 1, 1, 1, NULL, 1),
(52, 2, NULL, 1, NULL, 1, 1, 1, 1, NULL, 1),
(53, 2, NULL, 1, NULL, 1, 1, 2, 1, 1, 1),
(54, 1, NULL, 2, NULL, 1, 1, 2, 1, 1, 1),
(55, 2, NULL, 2, NULL, 2, 1, 2, 3, NULL, 1),
(56, 1, NULL, 2, NULL, 2, 1, 1, 4, 1, 1),
(57, 2, NULL, 1, NULL, 1, 1, 2, 1, NULL, 1),
(58, 1, NULL, 1, NULL, 2, 1, 2, 4, 1, 1),
(59, 2, NULL, 2, NULL, 2, 1, 2, 4, NULL, 1),
(60, 1, NULL, 2, NULL, 1, 2, 1, 4, 1, 1),
(61, 2, NULL, 2, NULL, 3, 1, 1, 1, NULL, 1),
(62, 1, NULL, 2, NULL, 2, 2, 1, 1, NULL, 1),
(63, 3, NULL, 1, NULL, 2, 2, 1, 4, 1, 1),
(64, 1, NULL, 1, NULL, 1, 1, 2, 1, 1, 1),
(65, 3, NULL, 1, NULL, 2, 1, 2, 1, 1, 1),
(66, 1, 1, 2, NULL, 2, 2, 2, 3, NULL, 2),
(67, 2, NULL, 2, NULL, 3, 1, 2, 2, NULL, 1),
(68, 1, NULL, 2, NULL, 3, 1, 2, 1, NULL, 1),
(69, 2, NULL, 2, NULL, 1, 1, 2, 4, 1, 1),
(70, 2, NULL, 1, NULL, 2, 1, 2, 1, 1, 1),
(71, 2, NULL, 1, NULL, 2, 1, 1, 1, 1, 1),
(72, 1, NULL, 1, NULL, 2, 1, 1, 1, 1, 1),
(73, 1, NULL, 1, NULL, 1, 1, 1, 1, 1, 1),
(74, 2, NULL, 1, NULL, NULL, 1, 2, 1, NULL, 1),
(75, 1, NULL, 2, NULL, 1, 1, 1, 2, 1, 1),
(76, 1, NULL, 1, NULL, 2, 1, 2, 1, NULL, 1),
(77, 3, NULL, 1, NULL, 1, 1, 1, 4, 1, 1),
(78, 3, NULL, 1, NULL, 2, 1, 1, 4, 1, 1),
(79, 1, NULL, 2, NULL, 2, 1, 1, 1, 1, 1),
(80, 3, NULL, 1, NULL, 1, 1, 2, 1, 1, 1),
(81, 3, NULL, 1, NULL, 1, 2, 2, 4, 1, 1),
(82, 2, NULL, 1, NULL, 3, 1, 2, 1, NULL, 1),
(83, 2, NULL, 1, NULL, 2, 1, 2, 1, NULL, 1),
(84, 1, NULL, 1, NULL, 3, 1, 2, 1, NULL, 1),
(85, 2, NULL, 2, NULL, 3, 1, 2, 1, NULL, 1),
(86, 2, NULL, 2, NULL, 1, 1, 2, 1, 1, 1),
(87, 2, 1, 2, 1, 2, 2, 3, 2, NULL, 2),
(88, 2, 2, 2, 2, 1, 2, 3, 2, NULL, 2),
(89, 2, 1, 1, 2, 2, 1, 2, 2, 1, 1),
(90, 2, NULL, 1, NULL, 1, 1, 2, 2, 1, 1),
(91, 2, NULL, 1, NULL, 1, 1, 1, 4, NULL, 1),
(92, 2, NULL, 1, NULL, 1, 1, 2, 3, NULL, 1),
(93, 2, NULL, 1, NULL, 2, 1, 1, 3, NULL, 1),
(94, 3, NULL, 1, NULL, 2, 1, 2, 4, 1, 1),
(95, 3, NULL, 1, NULL, 3, 1, 1, 3, NULL, 1),
(96, 1, NULL, 1, NULL, 2, 1, 2, 1, 1, 1),
(97, 3, NULL, 1, NULL, 1, 1, 1, 1, 1, 1),
(98, 2, 1, 2, 2, 2, 1, 3, 2, 1, 2),
(99, 3, 1, 1, 2, 2, 1, 2, 2, 1, 1),
(100, 2, NULL, 1, NULL, 1, 1, 3, 1, 1, 1),
(101, 1, NULL, 1, NULL, 1, 1, 2, 4, 1, 1),
(102, 3, 3, 1, 2, 1, 2, 3, 1, 2, 1),
(103, 1, NULL, 1, NULL, 1, 1, 2, 3, NULL, 1),
(104, 1, NULL, 1, NULL, 2, 1, 2, 4, NULL, 1),
(105, 2, 1, 3, 2, 2, 1, 2, 2, NULL, 1),
(106, 1, 2, 3, 3, 3, 1, 3, 2, NULL, 2),
(107, 2, NULL, 1, NULL, 1, 1, 2, 1, NULL, 1),
(108, 2, 1, 2, 2, 1, 1, 3, 2, 1, 1),
(109, 2, NULL, 1, NULL, 3, 1, 2, 2, NULL, 1),
(110, 2, NULL, 1, NULL, 3, 1, 1, 1, NULL, 1),
(111, 1, NULL, 1, NULL, 2, 1, 1, 4, 1, 1),
(112, 2, 2, 3, 1, 3, 2, 3, 2, NULL, 2),
(113, 2, NULL, 1, NULL, 1, 1, 3, 1, NULL, 1),
(114, 3, 3, 1, NULL, 3, 1, 1, 5, 2, 1),
(115, 2, NULL, 1, NULL, 1, 1, 2, 4, 1, 1),
(116, 1, 1, 3, 1, 3, 1, 3, 2, NULL, 2),
(117, 2, NULL, 1, NULL, 1, 1, 2, 4, NULL, 1),
(118, 2, NULL, 1, NULL, 1, 1, 2, 1, 2, 1),
(119, 2, 2, 3, 1, 2, 1, 3, 2, NULL, 2),
(120, 2, NULL, 1, NULL, 1, 1, 2, 1, NULL, 1),
(121, 2, NULL, 1, NULL, 1, 1, 1, 1, 2, 1),
(122, 2, NULL, 1, NULL, 1, 1, 2, 4, 2, 1),
(123, 2, NULL, 1, NULL, 1, 1, 1, 4, 2, 1),
(124, 2, NULL, 1, NULL, 2, 1, 1, 4, 1, 1),
(125, 3, NULL, 1, NULL, 3, 1, 1, 1, NULL, 1),
(126, 1, NULL, 1, NULL, 1, 1, 1, 4, 1, 1),
(127, 1, NULL, 1, NULL, 1, 1, 3, 4, 1, 1),
(128, 1, NULL, 1, NULL, 1, 1, 1, 4, 2, 1),
(129, 3, NULL, 1, NULL, 2, 1, 1, 1, NULL, 1),
(130, 2, NULL, 1, NULL, 1, 1, 2, 1, NULL, 1),
(131, 2, NULL, 1, NULL, NULL, 1, 3, 1, NULL, 1),
(132, 1, NULL, 1, NULL, 2, 1, 1, 2, 1, NULL),
(133, 2, NULL, 1, NULL, NULL, 1, 1, 4, NULL, 1),
(134, 1, NULL, 2, NULL, 1, 1, 1, 1, 2, 1),
(135, 1, NULL, 1, NULL, 1, 1, 1, 2, 2, 1),
(136, 1, NULL, 2, NULL, 1, 1, 1, 2, 2, 1),
(137, 2, NULL, 1, NULL, 1, 1, 1, 2, 2, 1),
(138, 1, NULL, 1, NULL, 1, 1, 1, 1, 2, 1),
(139, 1, NULL, 1, NULL, 1, 1, 2, 1, 2, 1),
(140, 1, NULL, 1, NULL, NULL, 1, 1, 4, NULL, 1),
(141, 2, NULL, 1, NULL, NULL, 1, 2, 4, NULL, 1),
(142, 1, NULL, 1, NULL, NULL, 2, 2, 1, NULL, 1),
(143, 1, NULL, 1, NULL, 1, 1, 1, 1, NULL, 1),
(144, 1, NULL, 1, NULL, 1, 1, 3, 1, 1, 1),
(145, 2, NULL, 1, NULL, 1, 1, 1, 4, 1, 1),
(146, 1, NULL, 1, NULL, 1, 2, 2, 4, 1, 1),
(147, 1, NULL, 1, NULL, NULL, 1, 2, 4, NULL, 1),
(148, 2, NULL, 1, NULL, NULL, 1, 1, 1, NULL, 1),
(149, 1, NULL, 1, NULL, NULL, 1, 2, 1, NULL, 1),
(150, 1, NULL, 1, NULL, NULL, 1, 1, 1, NULL, 1),
(151, 2, NULL, 1, NULL, 1, 1, 2, 1, 1, 2),
(152, 2, 1, 2, 2, 1, 1, 3, 2, 2, 2),
(153, 1, NULL, 1, NULL, 1, 1, 2, 1, 2, 2),
(154, 3, 1, 3, 3, 1, 1, 3, 2, NULL, 2),
(155, 3, NULL, 3, NULL, 1, 1, 1, 2, 2, 1),
(156, 2, NULL, 1, NULL, NULL, 1, 1, 1, NULL, 2),
(157, 1, NULL, 1, NULL, 1, 1, 2, 4, 2, 1),
(158, 2, 2, 2, 1, 1, 1, 3, 2, NULL, 1),
(159, 2, 2, 2, 1, 2, 1, 3, 2, NULL, 2),
(160, NULL, NULL, 1, NULL, NULL, 1, 1, 4, NULL, 1),
(161, NULL, NULL, 1, NULL, NULL, 1, 3, 1, NULL, 2),
(162, 3, 1, 1, 2, 1, 2, 2, 3, NULL, 2),
(163, NULL, NULL, 1, NULL, NULL, 1, 2, 4, NULL, 1),
(164, 2, 2, 2, 1, 2, 1, 2, 2, NULL, 2),
(165, 2, NULL, 1, NULL, 1, 1, 1, 2, NULL, 1),
(166, 1, NULL, 1, NULL, 1, 1, 3, 4, 2, 1),
(167, 1, NULL, 1, NULL, 1, 1, 3, 1, 2, 1),
(168, 1, NULL, 1, NULL, 1, 2, 3, 4, NULL, 1),
(169, 1, 1, 3, 2, 3, 1, 2, 2, 1, 2),
(170, 1, NULL, 1, NULL, 2, 2, 2, 4, 1, 1),
(171, 2, NULL, 1, NULL, 2, 1, 2, 4, 1, 1),
(172, 1, 1, 3, 3, 3, 2, 3, 4, 1, 2),
(173, 2, 1, 3, 3, 3, 2, 3, 4, 1, 2),
(174, NULL, NULL, NULL, NULL, NULL, NULL, NULL, NULL, NULL, NULL),
(175, 3, 1, 2, 1, 2, 2, 3, 2, 2, 2),
(176, 1, NULL, 1, NULL, 1, 2, 3, 1, 1, 1),
(177, 1, NULL, 1, NULL, NULL, 1, 3, 1, NULL, 1),
(178, 2, NULL, 1, NULL, 1, 1, 3, 1, 2, 1),
(179, 2, NULL, 1, NULL, 2, 1, 2, 4, 2, 1),
(180, 2, NULL, 1, NULL, 1, 1, 3, 4, 1, 1),
(181, 1, 2, 2, 3, 2, 2, 3, 2, NULL, 2),
(182, 2, 1, 1, 1, 2, 1, 3, 2, 2, 1),
(183, 1, NULL, 1, NULL, 2, 1, 2, 1, 2, 1),
(184, 1, NULL, 1, NULL, 2, 1, 3, 4, 2, 1),
(185, 2, NULL, 2, NULL, 1, 1, 1, 2, 1, 1),
(186, 2, NULL, 2, NULL, 1, 1, 1, 1, 2, 1),
(187, 2, 1, 1, 3, 2, 1, 3, 2, 2, 2),
(188, 2, 1, 2, 3, 2, 1, 3, 2, 2, 2),
(189, NULL, NULL, NULL, NULL, NULL, NULL, NULL, NULL, NULL, NULL),
(190, 2, NULL, 2, NULL, 1, 1, 1, 2, 2, 1),
(191, 2, 2, 3, 3, 2, 2, 3, 2, NULL, 2),
(192, 2, 1, 2, 3, 2, 2, 1, 2, NULL, 2),
(193, 2, 1, 1, 1, 1, 1, 3, 1, NULL, 2),
(194, 2, 1, 2, 1, 2, 1, 2, 1, NULL, 2),
(195, 2, 2, 2, 3, 2, 1, 3, 1, NULL, 2),
(196, 1, 2, 2, 3, 1, 1, 1, 2, NULL, 2),
(197, 1, NULL, 2, NULL, 1, 1, 1, 2, NULL, 2),
(198, 1, 1, 1, 1, 1, 1, 1, 2, NULL, 2),
(199, 3, 1, 3, 2, 3, 2, 1, 2, NULL, 2),
(200, 3, 1, 2, 1, 2, 1, 3, 1, NULL, 2),
(201, 2, 1, 3, 2, 1, 1, 3, 1, NULL, 2),
(202, 3, 1, 2, 1, 3, 1, 3, 2, NULL, 2),
(203, 1, 1, 2, 1, 2, 2, 3, 2, NULL, 2),
(204, 1, NULL, 2, NULL, 2, 2, 3, 2, NULL, 2),
(205, 1, 1, 3, 1, 2, 1, 2, 2, NULL, 2),
(206, 1, NULL, 3, NULL, 2, 1, 2, 2, NULL, 2),
(207, 3, NULL, 2, NULL, 1, 1, 1, 2, 1, 1),
(208, 3, NULL, 2, NULL, 1, 1, 1, 2, NULL, 1),
(209, 2, 1, 3, 2, 2, 1, 1, 2, NULL, 2),
(210, 1, 1, 3, 1, 1, 2, 2, 3, NULL, 2),
(211, 2, 1, 2, 1, 1, 1, 3, 6, NULL, 2),
(212, 2, 2, 2, 1, 1, 1, 2, 2, NULL, 1),
(213, 2, NULL, 2, NULL, 1, 1, 2, 2, NULL, 1),
(214, 1, NULL, 2, NULL, 1, 1, 2, 2, NULL, 1),
(215, 2, 1, 2, 3, 2, 1, 1, 2, NULL, 2),
(216, 3, 1, 3, 2, 1, 2, 2, 3, NULL, 2),
(217, 3, NULL, 3, NULL, 1, 2, 2, 3, NULL, 2),
(218, 3, NULL, 2, NULL, 1, 1, 1, 1, 1, 1),
(219, 2, 2, 3, 1, 2, 1, 2, 2, NULL, 2),
(220, 2, NULL, 3, NULL, 2, 1, 2, 2, NULL, 2),
(221, 2, 2, 3, 3, 2, 1, 3, 6, 1, 2),
(222, 2, NULL, 3, NULL, 2, 1, 3, 6, NULL, 2),
(223, 1, 1, 3, 1, 3, 2, 1, 1, NULL, 2),
(224, 2, NULL, 2, NULL, 1, 1, 1, 1, 1, 1),
(225, 1, 1, 2, 1, 2, 1, 1, 1, 1, 2),
(226, 2, NULL, 2, NULL, 2, 1, 1, 1, 1, 1),
(227, 2, 1, 3, 1, 3, 1, 3, 2, NULL, 2),
(228, 1, 1, 3, 3, 3, 2, 2, 2, NULL, 2),
(229, 3, 1, 3, 1, 2, 1, 3, 2, NULL, 2),
(230, 2, 1, 2, 1, 2, 1, 3, 2, NULL, 2),
(231, 2, NULL, 2, NULL, 2, 1, 3, 2, NULL, 2),
(232, 1, 2, 3, 1, 2, 1, 1, 1, NULL, 2),
(233, 2, 2, 2, 3, 1, 1, 1, 2, NULL, 2),
(234, 1, NULL, 3, 1, NULL, 1, 2, 1, NULL, 2),
(235, 2, NULL, 2, 2, NULL, 1, 2, 1, NULL, 2),
(236, 2, NULL, 2, 1, NULL, 1, 2, 2, NULL, 2),
(237, 1, NULL, 2, NULL, 2, 2, 1, 1, 1, 1),
(238, 3, NULL, 2, NULL, 2, 1, 1, 1, 1, 1),
(239, 3, NULL, 1, NULL, 1, 1, 1, 2, 1, 1),
(240, 3, NULL, 2, NULL, 1, 2, 1, 1, 1, 1),
(241, 2, NULL, 2, NULL, 1, 2, 1, 1, 1, 1),
(242, 2, NULL, 2, NULL, 2, 2, 1, 1, 1, 1),
(243, 2, NULL, 2, NULL, 1, 1, 1, 3, 1, 1),
(244, 1, 1, 2, 1, 2, NULL, 3, 2, 3, 1),
(245, 2, 2, 2, 1, 2, NULL, 2, 2, 3, 2),
(246, 2, 2, 2, 1, 2, NULL, 2, 2, 3, 2),
(247, 2, 2, 2, 1, 1, NULL, 2, 2, 3, 2),
(248, 2, 2, 2, 1, 1, NULL, 2, 2, 3, 2),
(249, 1, 1, 2, 1, 1, NULL, 2, 2, 3, 2),
(250, 2, 2, 2, 1, 2, NULL, 2, 2, 3, 2),
(251, 1, 2, 2, 1, 2, NULL, 2, 2, 3, 2),
(252, 3, 1, 2, 1, 2, NULL, 2, 2, 3, 2),
(253, 3, 1, 2, 1, 2, NULL, 2, 2, 3, 2),
(254, 3, 1, 2, 1, 2, NULL, 2, 2, 3, 1),
(255, 3, 1, 2, 2, 2, NULL, 2, 2, 3, 2),
(256, 1, 2, 2, 1, 1, NULL, 2, 2, 3, 2),
(257, 3, 1, 2, 1, 2, NULL, 2, 2, 3, 2),
(258, 1, 1, 2, 1, 1, NULL, 2, 2, 3, 2),
(259, 2, 2, 2, 3, 2, NULL, 2, 2, 3, 2),
(260, 1, 2, 2, 1, 2, NULL, 2, 2, 3, 2),
(261, 1, 2, 2, 1, 2, NULL, 2, 2, 3, 2),
(262, 2, 2, 2, 3, 2, NULL, 2, 2, 3, 2),
(263, 1, 2, 2, 1, 2, NULL, 2, 2, 3, 1),
(264, 1, 2, 2, 3, 2, NULL, 2, 2, 3, 2),
(265, 2, 1, 2, 1, 2, NULL, 2, 2, 3, 1),
(266, 2, 2, 2, 3, 3, NULL, 3, 2, 3, 2),
(267, 2, 2, 2, 1, 2, NULL, 2, 2, 3, 2),
(268, 1, 1, 2, 2, 2, NULL, 3, 2, 3, 2),
(269, 2, 2, 2, 3, 3, NULL, 2, 2, 3, 2),
(270, 1, 1, 2, 1, 2, NULL, 2, 2, 3, 1),
(271, 1, NULL, 1, NULL, 2, 1, 1, 1, NULL, 1),
(272, 2, NULL, 1, NULL, 2, 1, 2, 3, NULL, 1),
(273, 2, NULL, 1, NULL, 1, 1, 3, 2, NULL, 1),
(274, 1, NULL, 1, NULL, 1, 1, 2, 1, NULL, 1),
(275, 1, NULL, 1, NULL, 2, 1, 1, 4, NULL, 1),
(276, 1, NULL, 1, NULL, 1, 1, 3, 1, NULL, 1),
(277, 2, NULL, 1, NULL, 2, 1, 3, 2, NULL, 1),
(278, 1, NULL, 1, NULL, 2, 1, 3, 2, NULL, 1),
(279, 2, NULL, 1, NULL, 1, 1, 3, 1, NULL, 1),
(280, 2, NULL, 1, NULL, 1, 1, 3, 1, NULL, 1),
(281, 2, NULL, 1, NULL, 1, 1, 2, 1, NULL, 1),
(282, 2, NULL, 1, NULL, 2, 1, 2, 1, NULL, 1),
(283, 1, NULL, 1, NULL, 2, 1, 1, 1, NULL, 1),
(284, 1, NULL, 1, NULL, 2, 1, 1, 2, NULL, 1),
(285, 1, NULL, 1, NULL, 2, 1, 3, 1, NULL, 1),
(286, 1, NULL, 1, NULL, 2, 1, 2, 1, NULL, 1),
(287, 3, NULL, 1, NULL, 2, 1, 3, 1, NULL, 1),
(288, 1, NULL, 1, NULL, 2, 1, 2, 1, NULL, 1),
(289, 3, NULL, 1, NULL, 3, 1, 2, 1, NULL, 1),
(290, 1, NULL, 1, NULL, 2, 1, 1, 2, NULL, 1),
(291, 1, NULL, 1, NULL, 1, 1, 2, 1, NULL, 1),
(292, 1, NULL, 1, NULL, 2, 1, 2, 1, NULL, 1),
(293, 2, NULL, 1, NULL, 1, 1, 3, 1, NULL, 1),
(294, 1, NULL, 1, NULL, 1, 1, 1, 1, NULL, 1),
(295, 2, NULL, 1, NULL, 2, 1, 3, 1, NULL, 1),
(296, 1, NULL, 1, NULL, 1, 1, 2, 1, NULL, 1),
(297, 3, NULL, 1, NULL, 1, 1, 2, 1, NULL, 1),
(298, 2, NULL, 1, NULL, 3, 1, 2, 1, NULL, 1),
(299, 2, NULL, 1, NULL, 3, 1, 1, 3, NULL, 1),
(300, 1, NULL, 1, NULL, 2, 1, 2, 1, NULL, 1),
(301, 1, NULL, 1, NULL, 1, 1, 2, 1, NULL, 1),
(302, 2, NULL, 1, NULL, 2, 1, 2, 1, NULL, 1),
(303, 3, NULL, 1, NULL, 2, 1, 2, 1, NULL, 1),
(304, 2, NULL, 1, NULL, 3, 1, 3, 1, NULL, 1),
(305, 1, NULL, 1, NULL, 3, 1, 2, 1, NULL, 1),
(306, 1, NULL, 1, NULL, 2, 1, 2, 1, NULL, 1),
(307, 2, NULL, 1, NULL, 1, 1, 2, 1, NULL, 1),
(308, 1, NULL, 1, NULL, 2, 1, 2, 1, NULL, 1);

-- --------------------------------------------------------

--
-- Table structure for table `plant_growth_type`
--

CREATE TABLE `plant_growth_type` (
  `id_plant_growth_type` int(11) NOT NULL,
  `plant_growth_type` varchar(255) COLLATE utf32_unicode_ci DEFAULT NULL
) ENGINE=InnoDB DEFAULT CHARSET=utf32 COLLATE=utf32_unicode_ci;

--
-- Dumping data for table `plant_growth_type`
--

INSERT INTO `plant_growth_type` (`id_plant_growth_type`, `plant_growth_type`) VALUES
(1, 'semi-determinate'),
(2, 'indeterminate'),
(3, 'determinate'),
(4, 'dwarf');

-- --------------------------------------------------------

--
-- Table structure for table `plant_size`
--

CREATE TABLE `plant_size` (
  `id_plant_size` int(11) NOT NULL,
  `plant_size` varchar(255) COLLATE utf32_unicode_ci NOT NULL
) ENGINE=InnoDB DEFAULT CHARSET=utf32 COLLATE=utf32_unicode_ci;

--
-- Dumping data for table `plant_size`
--

INSERT INTO `plant_size` (`id_plant_size`, `plant_size`) VALUES
(1, 'intermediate'),
(2, 'large'),
(3, 'small');

-- --------------------------------------------------------

--
-- Table structure for table `predominant_fruit_shape`
--

CREATE TABLE `predominant_fruit_shape` (
  `id_predominant_fruit_shape` int(11) NOT NULL,
  `predominant_fruit_shape` varchar(255) COLLATE utf32_unicode_ci NOT NULL
) ENGINE=InnoDB DEFAULT CHARSET=utf32 COLLATE=utf32_unicode_ci;

--
-- Dumping data for table `predominant_fruit_shape`
--

INSERT INTO `predominant_fruit_shape` (`id_predominant_fruit_shape`, `predominant_fruit_shape`) VALUES
(1, 'high rounded'),
(2, 'rounded'),
(3, 'ellipsoid (plum-shaped)'),
(4, 'slightly flattened'),
(5, 'flattened'),
(6, 'cylindrical (long oblong)'),
(7, 'heart-shaped'),
(8, 'pearshaped'),
(9, 'pyriform'),
(10, 'slightly flattened, flattened'),
(11, 'cylindrical, high rounded'),
(12, 'ellipsoid, pyriform, high rounded'),
(13, 'flattened, slightly flattened, high rounded'),
(14, 'rounded, high rounded'),
(15, 'slightly rounded, flattened'),
(16, 'rounded, slightly flattened'),
(17, 'rounded, flattened');

-- --------------------------------------------------------

--
-- Table structure for table `presence_absence_of_jiontless_pedicel`
--

CREATE TABLE `presence_absence_of_jiontless_pedicel` (
  `id_presence_absence_of_jiontless_pedicel` int(11) NOT NULL,
  `presence_absence_of_jiontless_pedicel` varchar(255) COLLATE utf32_unicode_ci NOT NULL
) ENGINE=InnoDB DEFAULT CHARSET=utf32 COLLATE=utf32_unicode_ci;

--
-- Dumping data for table `presence_absence_of_jiontless_pedicel`
--

INSERT INTO `presence_absence_of_jiontless_pedicel` (`id_presence_absence_of_jiontless_pedicel`, `presence_absence_of_jiontless_pedicel`) VALUES
(1, 'present'),
(2, 'absent');

-- --------------------------------------------------------

--
-- Table structure for table `presence_of_green_shoulder_trips_on_the_fruit`
--

CREATE TABLE `presence_of_green_shoulder_trips_on_the_fruit` (
  `id_presence_of_green_shoulder_trips_on_the_fruit` int(11) NOT NULL,
  `presence_of_green_shoulder_trips_on_the_fruit` varchar(255) COLLATE utf32_unicode_ci NOT NULL
) ENGINE=InnoDB DEFAULT CHARSET=utf32 COLLATE=utf32_unicode_ci;

--
-- Dumping data for table `presence_of_green_shoulder_trips_on_the_fruit`
--

INSERT INTO `presence_of_green_shoulder_trips_on_the_fruit` (`id_presence_of_green_shoulder_trips_on_the_fruit`, `presence_of_green_shoulder_trips_on_the_fruit`) VALUES
(1, 'absent'),
(2, 'present');

-- --------------------------------------------------------

--
-- Table structure for table `province`
--

CREATE TABLE `province` (
  `id_province` int(11) NOT NULL,
  `province` varchar(255) COLLATE utf32_unicode_ci NOT NULL,
  `latitude` varchar(255) COLLATE utf32_unicode_ci NOT NULL,
  `longitude` varchar(255) COLLATE utf32_unicode_ci NOT NULL
) ENGINE=InnoDB DEFAULT CHARSET=utf32 COLLATE=utf32_unicode_ci;

-- --------------------------------------------------------

--
-- Table structure for table `ribbing_at_calyx_end`
--

CREATE TABLE `ribbing_at_calyx_end` (
  `id_ribbing_at_calyx_end` int(11) NOT NULL,
  `ribbing_at_calyx_end` varchar(255) COLLATE utf32_unicode_ci NOT NULL
) ENGINE=InnoDB DEFAULT CHARSET=utf32 COLLATE=utf32_unicode_ci;

--
-- Dumping data for table `ribbing_at_calyx_end`
--

INSERT INTO `ribbing_at_calyx_end` (`id_ribbing_at_calyx_end`, `ribbing_at_calyx_end`) VALUES
(1, 'absent'),
(2, 'weak'),
(3, 'very weak'),
(4, 'intermediate'),
(5, 'strong');

-- --------------------------------------------------------

--
-- Table structure for table `seed`
--

CREATE TABLE `seed` (
  `id_seed` int(11) NOT NULL,
  `id_seed_shape` int(11) DEFAULT NULL,
  `id_seed_colour` int(11) DEFAULT NULL
) ENGINE=InnoDB DEFAULT CHARSET=utf32 COLLATE=utf32_unicode_ci;

--
-- Dumping data for table `seed`
--

INSERT INTO `seed` (`id_seed`, `id_seed_shape`, `id_seed_colour`) VALUES
(1, NULL, 1),
(2, NULL, NULL),
(3, 1, 2),
(4, 2, 3),
(5, 2, 1),
(6, 1, 1),
(7, 2, 4),
(8, 1, 4),
(9, 1, 3),
(10, NULL, 3),
(11, 3, 1),
(12, 3, 3),
(13, 3, 4),
(14, 2, 5);

-- --------------------------------------------------------

--
-- Table structure for table `seedling`
--

CREATE TABLE `seedling` (
  `id_seedling` int(11) NOT NULL,
  `id_hypocotyl_colour` int(11) DEFAULT NULL,
  `id_hypocotyl_colour_intensity` int(11) DEFAULT NULL,
  `id_hypocotyl_pubescence` int(11) DEFAULT NULL
) ENGINE=InnoDB DEFAULT CHARSET=utf32 COLLATE=utf32_unicode_ci;

--
-- Dumping data for table `seedling`
--

INSERT INTO `seedling` (`id_seedling`, `id_hypocotyl_colour`, `id_hypocotyl_colour_intensity`, `id_hypocotyl_pubescence`) VALUES
(1, 1, 1, 1),
(2, 1, 2, 1),
(3, 2, 1, 1),
(4, 3, 2, 1),
(5, 3, 1, 1),
(6, 4, 1, 1),
(7, 4, 2, 1),
(8, 1, 3, 1),
(9, 5, 1, 1),
(10, 2, 2, 1),
(11, 2, 3, 1),
(12, 4, 3, 1),
(13, 3, 3, 1),
(14, 5, 3, 1);

-- --------------------------------------------------------

--
-- Table structure for table `seed_colour`
--

CREATE TABLE `seed_colour` (
  `id_seed_colour` int(11) NOT NULL,
  `seed_colour` varchar(255) COLLATE utf32_unicode_ci NOT NULL
) ENGINE=InnoDB DEFAULT CHARSET=utf32 COLLATE=utf32_unicode_ci;

--
-- Dumping data for table `seed_colour`
--

INSERT INTO `seed_colour` (`id_seed_colour`, `seed_colour`) VALUES
(1, 'brown'),
(2, 'light yellow'),
(3, 'dark yellow'),
(4, 'grey'),
(5, 'dark brown');

-- --------------------------------------------------------

--
-- Table structure for table `seed_shape`
--

CREATE TABLE `seed_shape` (
  `id_seed_shape` int(11) NOT NULL,
  `seed_shape` varchar(255) COLLATE utf32_unicode_ci NOT NULL
) ENGINE=InnoDB DEFAULT CHARSET=utf32 COLLATE=utf32_unicode_ci;

--
-- Dumping data for table `seed_shape`
--

INSERT INTO `seed_shape` (`id_seed_shape`, `seed_shape`) VALUES
(1, 'globular'),
(2, 'ovate'),
(3, 'triangular');

-- --------------------------------------------------------

--
-- Table structure for table `shape_of_pistil_scar`
--

CREATE TABLE `shape_of_pistil_scar` (
  `id_shape_of_pistil_scar` int(11) NOT NULL,
  `shape_of_pistil_scar` varchar(255) COLLATE utf32_unicode_ci NOT NULL
) ENGINE=InnoDB DEFAULT CHARSET=utf32 COLLATE=utf32_unicode_ci;

--
-- Dumping data for table `shape_of_pistil_scar`
--

INSERT INTO `shape_of_pistil_scar` (`id_shape_of_pistil_scar`, `shape_of_pistil_scar`) VALUES
(1, 'dot'),
(2, 'linear'),
(3, 'dot,linear'),
(4, 'stellate'),
(5, 'irregular');

-- --------------------------------------------------------

--
-- Table structure for table `skin_colour_of_ripe_fruit`
--

CREATE TABLE `skin_colour_of_ripe_fruit` (
  `id_skin_colour_of_ripe_fruit` int(11) NOT NULL,
  `skin_colour_of_ripe_fruit` varchar(255) COLLATE utf32_unicode_ci NOT NULL
) ENGINE=InnoDB DEFAULT CHARSET=utf32 COLLATE=utf32_unicode_ci;

--
-- Dumping data for table `skin_colour_of_ripe_fruit`
--

INSERT INTO `skin_colour_of_ripe_fruit` (`id_skin_colour_of_ripe_fruit`, `skin_colour_of_ripe_fruit`) VALUES
(1, 'colorless'),
(2, 'yellow'),
(3, 'pale red'),
(4, 'light red'),
(5, 'dark red'),
(6, 'colourless'),
(7, 'orange'),
(8, 'light red, yellow');

-- --------------------------------------------------------

--
-- Table structure for table `stem_internode_length`
--

CREATE TABLE `stem_internode_length` (
  `id_stem_internode_length` int(11) NOT NULL,
  `stem_internode_length` varchar(255) COLLATE utf32_unicode_ci NOT NULL
) ENGINE=InnoDB DEFAULT CHARSET=utf32 COLLATE=utf32_unicode_ci;

--
-- Dumping data for table `stem_internode_length`
--

INSERT INTO `stem_internode_length` (`id_stem_internode_length`, `stem_internode_length`) VALUES
(1, 'intermediate'),
(2, 'short'),
(3, 'long');

-- --------------------------------------------------------

--
-- Table structure for table `stem_pubescence_density`
--

CREATE TABLE `stem_pubescence_density` (
  `id_stem_pubescence_density` int(11) NOT NULL,
  `stem_pubescence_density` varchar(255) COLLATE utf32_unicode_ci NOT NULL
) ENGINE=InnoDB DEFAULT CHARSET=utf32 COLLATE=utf32_unicode_ci;

--
-- Dumping data for table `stem_pubescence_density`
--

INSERT INTO `stem_pubescence_density` (`id_stem_pubescence_density`, `stem_pubescence_density`) VALUES
(1, 'dense'),
(2, 'intermediate'),
(3, 'sparse');

-- --------------------------------------------------------

--
-- Table structure for table `style_hairiness`
--

CREATE TABLE `style_hairiness` (
  `id_style_hairiness` int(11) NOT NULL,
  `style_hairiness` varchar(255) COLLATE utf32_unicode_ci NOT NULL
) ENGINE=InnoDB DEFAULT CHARSET=utf32 COLLATE=utf32_unicode_ci;

--
-- Dumping data for table `style_hairiness`
--

INSERT INTO `style_hairiness` (`id_style_hairiness`, `style_hairiness`) VALUES
(1, 'present'),
(2, 'absent');

-- --------------------------------------------------------

--
-- Table structure for table `style_position`
--

CREATE TABLE `style_position` (
  `id_style_position` int(11) NOT NULL,
  `style_position` varchar(255) COLLATE utf32_unicode_ci NOT NULL
) ENGINE=InnoDB DEFAULT CHARSET=utf32 COLLATE=utf32_unicode_ci;

--
-- Dumping data for table `style_position`
--

INSERT INTO `style_position` (`id_style_position`, `style_position`) VALUES
(1, 'inserted'),
(2, 'same level as stamen'),
(3, 'slightly exserted'),
(4, 'highly exserted');

-- --------------------------------------------------------

--
-- Table structure for table `style_shape`
--

CREATE TABLE `style_shape` (
  `id_style_shape` int(11) NOT NULL,
  `style_shape` varchar(255) COLLATE utf32_unicode_ci NOT NULL
) ENGINE=InnoDB DEFAULT CHARSET=utf32 COLLATE=utf32_unicode_ci;

--
-- Dumping data for table `style_shape`
--

INSERT INTO `style_shape` (`id_style_shape`, `style_shape`) VALUES
(1, 'simple'),
(2, 'fasciated'),
(3, 'divided');

-- --------------------------------------------------------

--
-- Stand-in structure for view `v_accession_number`
-- (See below for the actual view)
--
CREATE TABLE `v_accession_number` (
`id_accession_number` int(11)
,`accession_number` varchar(255)
);

-- --------------------------------------------------------

--
-- Stand-in structure for view `v_fact_tomato`
-- (See below for the actual view)
--
CREATE TABLE `v_fact_tomato` (
`id_fact_tomato` int(11)
,`id_accession_number` int(11)
,`id_seeding` int(11)
,`primary_leaf_length_mm` float
,`primary_leaf_width_mm` float
,`id_plant` int(11)
,`vine_length_cm` float
,`id_flower` int(11)
,`petal_length_cm` float
,`sepal_length_cm` float
,`stamen_length_cm` float
,`id_fruit` int(11)
,`fruit_weight_g` float
,`fruit_length_mm` float
,`fruit_width_mm` float
,`pedicel_length_mm` float
,`pedicel_length_from_abscission_layer` float
,`width_of_pedicel_scar_mm` float
,`size_of_corky_area_around_pedicel_scar_cm` float
,`thickness_of_fruit_wall_skin_mm` float
,`thickness_of_pericarp_mm` float
,`size_of_score_mm` float
,`number_of_locules` float
,`id_seed` int(11)
,`1000_seed_weight_g` float
,`id_photo` int(11)
,`accession_number` varchar(255)
,`id_seedling` int(11)
,`id_hypocotyl_colour` int(11)
,`id_hypocotyl_colour_intensity` int(11)
,`id_hypocotyl_pubescence` int(11)
,`id_plant_growth_type` int(11)
,`id_plant_size` int(11)
,`id_stem_pubescence_density` int(11)
,`id_stem_internode_length` int(11)
,`id_foliage_density` int(11)
,`id_number_of_leaves_under_1st_inflorescence` int(11)
,`id_leaf_attitude` int(11)
,`id_leaf_type` int(11)
,`id_degree_of_leaf_dissection` int(11)
,`id_anthocyanin_colouration_of_leaf_veins` int(11)
,`id_inflorescence_type` int(11)
,`id_corolla_colour` int(11)
,`id_corolla_blossom_type` int(11)
,`id_flower_sterility_type` int(11)
,`id_style_position` int(11)
,`id_style_shape` int(11)
,`id_style_hairiness` int(11)
,`id_dehiscence` int(11)
,`id_exterior_colour_of_mature_fruit` int(11)
,`id_presence_of_green_shoulder_trips_on_the_fruit` int(11)
,`id_intensity_of_greenback` int(11)
,`id_fruit_pubescence` int(11)
,`id_predominant_fruit_shape` int(11)
,`id_fruit_size` int(11)
,`id_fruit_size_homogeneity` int(11)
,`id_intensity_of_exterior_colour` int(11)
,`id_ribbing_at_calyx_end` int(11)
,`id_easiness_of_fruit_to_detach_from_pedicel` int(11)
,`id_fruit_shoulder_shape` int(11)
,`id_presence_absence_of_jiontless_pedicel` int(11)
,`id_easiness_of_fruit_wall_skin_to_be_peeled` int(11)
,`id_skin_colour_of_ripe_fruit` int(11)
,`id_flesh_colour_of_peiricarp_interior` int(11)
,`id_flesh_colour_intensity` int(11)
,`id_colour_intensity_of_core` int(11)
,`id_fruit_cross_sectional_shape` int(11)
,`id_shape_of_pistil_scar` int(11)
,`id_fruit_blossom_end_shape` int(11)
,`id_blossom_end_scar_condition` int(11)
,`id_fruit_firmness_after_storage` int(11)
,`id_seed_shape` int(11)
,`id_seed_colour` int(11)
,`hypocotyl_colour` varchar(255)
,`hypocotyl_colour_intensity` varchar(255)
,`hypocotyl_pubescence` varchar(255)
,`plant_growth_type` varchar(255)
,`plant_size` varchar(255)
,`stem_pubescence_density` varchar(255)
,`stem_internode_length` varchar(255)
,`foliage_density` varchar(255)
,`number_of_leaves_under_1st_inflorescence` varchar(255)
,`leaf_attitude` varchar(255)
,`leaf_type` varchar(255)
,`degree_of_leaf_dissection` varchar(255)
,`anthocyanin_colouration_of_leaf_veins` varchar(255)
,`inflorescence_type` varchar(255)
,`corolla_colour` varchar(255)
,`corolla_blossom_type` varchar(255)
,`flower_sterility_type` varchar(255)
,`style_position` varchar(255)
,`style_shape` varchar(255)
,`style_hairiness` varchar(255)
,`dehiscence` varchar(255)
,`exterior_colour_of_mature_fruit` varchar(255)
,`presence_of_green_shoulder_trips_on_the_fruit` varchar(255)
,`intensity_of_greenback` varchar(255)
,`fruit_pubescence` varchar(255)
,`predominant_fruit_shape` varchar(255)
,`fruit_size` varchar(255)
,`fruit_size_homogeneity` varchar(255)
,`intensity_of_exterior_colour` varchar(255)
,`ribbing_at_calyx_end` varchar(255)
,`easiness_of_fruit_to_detach_from_pedicel` varchar(255)
,`fruit_shoulder_shape` varchar(255)
,`presence_absence_of_jiontless_pedicel` varchar(255)
,`easiness_of_fruit_wall_skin_to_be_peeled` varchar(255)
,`skin_colour_of_ripe_fruit` varchar(255)
,`flesh_colour_of_peiricarp_interior` varchar(255)
,`flesh_colour_intensity` varchar(255)
,`colour_intensity_of_core` varchar(255)
,`fruit_cross_sectional_shape` varchar(255)
,`shape_of_pistil_scar` varchar(255)
,`fruit_blossom_end_shape` varchar(255)
,`blossom_end_scar_condition` varchar(255)
,`fruit_firmness_after_storage` varchar(255)
,`seed_shape` varchar(255)
,`seed_colour` varchar(255)
);

-- --------------------------------------------------------

--
-- Stand-in structure for view `v_flower`
-- (See below for the actual view)
--
CREATE TABLE `v_flower` (
`id_flower` int(11)
,`id_inflorescence_type` int(11)
,`id_corolla_colour` int(11)
,`id_corolla_blossom_type` int(11)
,`id_flower_sterility_type` int(11)
,`id_style_position` int(11)
,`id_style_shape` int(11)
,`id_style_hairiness` int(11)
,`id_dehiscence` int(11)
,`inflorescence_type` varchar(255)
,`corolla_colour` varchar(255)
,`corolla_blossom_type` varchar(255)
,`flower_sterility_type` varchar(255)
,`style_position` varchar(255)
,`style_shape` varchar(255)
,`style_hairiness` varchar(255)
,`dehiscence` varchar(255)
);

-- --------------------------------------------------------

--
-- Stand-in structure for view `v_fruit`
-- (See below for the actual view)
--
CREATE TABLE `v_fruit` (
`id_fruit` int(11)
,`exterior_colour_of_mature_fruit` varchar(255)
,`presence_of_green_shoulder_trips_on_the_fruit` varchar(255)
,`intensity_of_greenback` varchar(255)
,`fruit_pubescence` varchar(255)
,`predominant_fruit_shape` varchar(255)
,`fruit_size` varchar(255)
,`fruit_size_homogeneity` varchar(255)
,`intensity_of_exterior_colour` varchar(255)
,`ribbing_at_calyx_end` varchar(255)
,`easiness_of_fruit_to_detach_from_pedicel` varchar(255)
,`fruit_shoulder_shape` varchar(255)
,`presence_absence_of_jiontless_pedicel` varchar(255)
,`easiness_of_fruit_wall_skin_to_be_peeled` varchar(255)
,`skin_colour_of_ripe_fruit` varchar(255)
,`flesh_colour_of_peiricarp_interior` varchar(255)
,`flesh_colour_intensity` varchar(255)
,`colour_intensity_of_core` varchar(255)
,`fruit_cross_sectional_shape` varchar(255)
,`shape_of_pistil_scar` varchar(255)
,`fruit_blossom_end_shape` varchar(255)
,`blossom_end_scar_condition` varchar(255)
,`fruit_firmness_after_storage` varchar(255)
,`id_exterior_colour_of_mature_fruit` int(11)
,`id_presence_of_green_shoulder_trips_on_the_fruit` int(11)
,`id_intensity_of_greenback` int(11)
,`id_fruit_pubescence` int(11)
,`id_predominant_fruit_shape` int(11)
,`id_fruit_size` int(11)
,`id_fruit_size_homogeneity` int(11)
,`id_intensity_of_exterior_colour` int(11)
,`id_ribbing_at_calyx_end` int(11)
,`id_easiness_of_fruit_to_detach_from_pedicel` int(11)
,`id_fruit_shoulder_shape` int(11)
,`id_presence_absence_of_jiontless_pedicel` int(11)
,`id_easiness_of_fruit_wall_skin_to_be_peeled` int(11)
,`id_skin_colour_of_ripe_fruit` int(11)
,`id_flesh_colour_of_peiricarp_interior` int(11)
,`id_flesh_colour_intensity` int(11)
,`id_colour_intensity_of_core` int(11)
,`id_fruit_cross_sectional_shape` int(11)
,`id_shape_of_pistil_scar` int(11)
,`id_fruit_blossom_end_shape` int(11)
,`id_blossom_end_scar_condition` int(11)
,`id_fruit_firmness_after_storage` int(11)
);

-- --------------------------------------------------------

--
-- Stand-in structure for view `v_plant`
-- (See below for the actual view)
--
CREATE TABLE `v_plant` (
`id_plant` int(11)
,`plant_growth_type` varchar(255)
,`plant_size` varchar(255)
,`stem_pubescence_density` varchar(255)
,`stem_internode_length` varchar(255)
,`foliage_density` varchar(255)
,`number_of_leaves_under_1st_inflorescence` varchar(255)
,`leaf_attitude` varchar(255)
,`leaf_type` varchar(255)
,`degree_of_leaf_dissection` varchar(255)
,`anthocyanin_colouration_of_leaf_veins` varchar(255)
,`id_plant_growth_type` int(11)
,`id_plant_size` int(11)
,`id_stem_pubescence_density` int(11)
,`id_stem_internode_length` int(11)
,`id_foliage_density` int(11)
,`id_number_of_leaves_under_1st_inflorescence` int(11)
,`id_leaf_attitude` int(11)
,`id_leaf_type` int(11)
,`id_degree_of_leaf_dissection` int(11)
,`id_anthocyanin_colouration_of_leaf_veins` int(11)
);

-- --------------------------------------------------------

--
-- Stand-in structure for view `v_seed`
-- (See below for the actual view)
--
CREATE TABLE `v_seed` (
`id_seed` int(11)
,`seed_shape` varchar(255)
,`seed_colour` varchar(255)
,`id_seed_shape` int(11)
,`id_seed_colour` int(11)
);

-- --------------------------------------------------------

--
-- Stand-in structure for view `v_seedling`
-- (See below for the actual view)
--
CREATE TABLE `v_seedling` (
`id_seedling` int(11)
,`hypocotyl_colour` varchar(255)
,`hypocotyl_colour_intensity` varchar(255)
,`hypocotyl_pubescence` varchar(255)
,`id_hypocotyl_colour` int(11)
,`id_hypocotyl_colour_intensity` int(11)
,`id_hypocotyl_pubescence` int(11)
);

-- --------------------------------------------------------

--
-- Structure for view `v_accession_number`
--
DROP TABLE IF EXISTS `v_accession_number`;

CREATE ALGORITHM=UNDEFINED DEFINER=`root`@`localhost` SQL SECURITY DEFINER VIEW `v_accession_number`  AS  select `accession_number`.`id_accession_number` AS `id_accession_number`,`accession_number`.`accession_number` AS `accession_number` from (`fact_tomato` left join `accession_number` on((`fact_tomato`.`id_accession_number` = `accession_number`.`id_accession_number`))) order by `accession_number`.`id_accession_number` ;

-- --------------------------------------------------------

--
-- Structure for view `v_fact_tomato`
--
DROP TABLE IF EXISTS `v_fact_tomato`;

CREATE ALGORITHM=UNDEFINED DEFINER=`root`@`localhost` SQL SECURITY DEFINER VIEW `v_fact_tomato`  AS  select `fact_tomato`.`id_fact_tomato` AS `id_fact_tomato`,`fact_tomato`.`id_accession_number` AS `id_accession_number`,`fact_tomato`.`id_seeding` AS `id_seeding`,`fact_tomato`.`primary_leaf_length_mm` AS `primary_leaf_length_mm`,`fact_tomato`.`primary_leaf_width_mm` AS `primary_leaf_width_mm`,`fact_tomato`.`id_plant` AS `id_plant`,`fact_tomato`.`vine_length_cm` AS `vine_length_cm`,`fact_tomato`.`id_flower` AS `id_flower`,`fact_tomato`.`petal_length_cm` AS `petal_length_cm`,`fact_tomato`.`sepal_length_cm` AS `sepal_length_cm`,`fact_tomato`.`stamen_length_cm` AS `stamen_length_cm`,`fact_tomato`.`id_fruit` AS `id_fruit`,`fact_tomato`.`fruit_weight_g` AS `fruit_weight_g`,`fact_tomato`.`fruit_length_mm` AS `fruit_length_mm`,`fact_tomato`.`fruit_width_mm` AS `fruit_width_mm`,`fact_tomato`.`pedicel_length_mm` AS `pedicel_length_mm`,`fact_tomato`.`pedicel_length_from_abscission_layer` AS `pedicel_length_from_abscission_layer`,`fact_tomato`.`width_of_pedicel_scar_mm` AS `width_of_pedicel_scar_mm`,`fact_tomato`.`size_of_corky_area_around_pedicel_scar_cm` AS `size_of_corky_area_around_pedicel_scar_cm`,`fact_tomato`.`thickness_of_fruit_wall_skin_mm` AS `thickness_of_fruit_wall_skin_mm`,`fact_tomato`.`thickness_of_pericarp_mm` AS `thickness_of_pericarp_mm`,`fact_tomato`.`size_of_score_mm` AS `size_of_score_mm`,`fact_tomato`.`number_of_locules` AS `number_of_locules`,`fact_tomato`.`id_seed` AS `id_seed`,`fact_tomato`.`1000_seed_weight_g` AS `1000_seed_weight_g`,`fact_tomato`.`id_photo` AS `id_photo`,`v_accession_number`.`accession_number` AS `accession_number`,`v_seedling`.`id_seedling` AS `id_seedling`,`v_seedling`.`id_hypocotyl_colour` AS `id_hypocotyl_colour`,`v_seedling`.`id_hypocotyl_colour_intensity` AS `id_hypocotyl_colour_intensity`,`v_seedling`.`id_hypocotyl_pubescence` AS `id_hypocotyl_pubescence`,`v_plant`.`id_plant_growth_type` AS `id_plant_growth_type`,`v_plant`.`id_plant_size` AS `id_plant_size`,`v_plant`.`id_stem_pubescence_density` AS `id_stem_pubescence_density`,`v_plant`.`id_stem_internode_length` AS `id_stem_internode_length`,`v_plant`.`id_foliage_density` AS `id_foliage_density`,`v_plant`.`id_number_of_leaves_under_1st_inflorescence` AS `id_number_of_leaves_under_1st_inflorescence`,`v_plant`.`id_leaf_attitude` AS `id_leaf_attitude`,`v_plant`.`id_leaf_type` AS `id_leaf_type`,`v_plant`.`id_degree_of_leaf_dissection` AS `id_degree_of_leaf_dissection`,`v_plant`.`id_anthocyanin_colouration_of_leaf_veins` AS `id_anthocyanin_colouration_of_leaf_veins`,`v_flower`.`id_inflorescence_type` AS `id_inflorescence_type`,`v_flower`.`id_corolla_colour` AS `id_corolla_colour`,`v_flower`.`id_corolla_blossom_type` AS `id_corolla_blossom_type`,`v_flower`.`id_flower_sterility_type` AS `id_flower_sterility_type`,`v_flower`.`id_style_position` AS `id_style_position`,`v_flower`.`id_style_shape` AS `id_style_shape`,`v_flower`.`id_style_hairiness` AS `id_style_hairiness`,`v_flower`.`id_dehiscence` AS `id_dehiscence`,`v_fruit`.`id_exterior_colour_of_mature_fruit` AS `id_exterior_colour_of_mature_fruit`,`v_fruit`.`id_presence_of_green_shoulder_trips_on_the_fruit` AS `id_presence_of_green_shoulder_trips_on_the_fruit`,`v_fruit`.`id_intensity_of_greenback` AS `id_intensity_of_greenback`,`v_fruit`.`id_fruit_pubescence` AS `id_fruit_pubescence`,`v_fruit`.`id_predominant_fruit_shape` AS `id_predominant_fruit_shape`,`v_fruit`.`id_fruit_size` AS `id_fruit_size`,`v_fruit`.`id_fruit_size_homogeneity` AS `id_fruit_size_homogeneity`,`v_fruit`.`id_intensity_of_exterior_colour` AS `id_intensity_of_exterior_colour`,`v_fruit`.`id_ribbing_at_calyx_end` AS `id_ribbing_at_calyx_end`,`v_fruit`.`id_easiness_of_fruit_to_detach_from_pedicel` AS `id_easiness_of_fruit_to_detach_from_pedicel`,`v_fruit`.`id_fruit_shoulder_shape` AS `id_fruit_shoulder_shape`,`v_fruit`.`id_presence_absence_of_jiontless_pedicel` AS `id_presence_absence_of_jiontless_pedicel`,`v_fruit`.`id_easiness_of_fruit_wall_skin_to_be_peeled` AS `id_easiness_of_fruit_wall_skin_to_be_peeled`,`v_fruit`.`id_skin_colour_of_ripe_fruit` AS `id_skin_colour_of_ripe_fruit`,`v_fruit`.`id_flesh_colour_of_peiricarp_interior` AS `id_flesh_colour_of_peiricarp_interior`,`v_fruit`.`id_flesh_colour_intensity` AS `id_flesh_colour_intensity`,`v_fruit`.`id_colour_intensity_of_core` AS `id_colour_intensity_of_core`,`v_fruit`.`id_fruit_cross_sectional_shape` AS `id_fruit_cross_sectional_shape`,`v_fruit`.`id_shape_of_pistil_scar` AS `id_shape_of_pistil_scar`,`v_fruit`.`id_fruit_blossom_end_shape` AS `id_fruit_blossom_end_shape`,`v_fruit`.`id_blossom_end_scar_condition` AS `id_blossom_end_scar_condition`,`v_fruit`.`id_fruit_firmness_after_storage` AS `id_fruit_firmness_after_storage`,`v_seed`.`id_seed_shape` AS `id_seed_shape`,`v_seed`.`id_seed_colour` AS `id_seed_colour`,`v_seedling`.`hypocotyl_colour` AS `hypocotyl_colour`,`v_seedling`.`hypocotyl_colour_intensity` AS `hypocotyl_colour_intensity`,`v_seedling`.`hypocotyl_pubescence` AS `hypocotyl_pubescence`,`v_plant`.`plant_growth_type` AS `plant_growth_type`,`v_plant`.`plant_size` AS `plant_size`,`v_plant`.`stem_pubescence_density` AS `stem_pubescence_density`,`v_plant`.`stem_internode_length` AS `stem_internode_length`,`v_plant`.`foliage_density` AS `foliage_density`,`v_plant`.`number_of_leaves_under_1st_inflorescence` AS `number_of_leaves_under_1st_inflorescence`,`v_plant`.`leaf_attitude` AS `leaf_attitude`,`v_plant`.`leaf_type` AS `leaf_type`,`v_plant`.`degree_of_leaf_dissection` AS `degree_of_leaf_dissection`,`v_plant`.`anthocyanin_colouration_of_leaf_veins` AS `anthocyanin_colouration_of_leaf_veins`,`v_flower`.`inflorescence_type` AS `inflorescence_type`,`v_flower`.`corolla_colour` AS `corolla_colour`,`v_flower`.`corolla_blossom_type` AS `corolla_blossom_type`,`v_flower`.`flower_sterility_type` AS `flower_sterility_type`,`v_flower`.`style_position` AS `style_position`,`v_flower`.`style_shape` AS `style_shape`,`v_flower`.`style_hairiness` AS `style_hairiness`,`v_flower`.`dehiscence` AS `dehiscence`,`v_fruit`.`exterior_colour_of_mature_fruit` AS `exterior_colour_of_mature_fruit`,`v_fruit`.`presence_of_green_shoulder_trips_on_the_fruit` AS `presence_of_green_shoulder_trips_on_the_fruit`,`v_fruit`.`intensity_of_greenback` AS `intensity_of_greenback`,`v_fruit`.`fruit_pubescence` AS `fruit_pubescence`,`v_fruit`.`predominant_fruit_shape` AS `predominant_fruit_shape`,`v_fruit`.`fruit_size` AS `fruit_size`,`v_fruit`.`fruit_size_homogeneity` AS `fruit_size_homogeneity`,`v_fruit`.`intensity_of_exterior_colour` AS `intensity_of_exterior_colour`,`v_fruit`.`ribbing_at_calyx_end` AS `ribbing_at_calyx_end`,`v_fruit`.`easiness_of_fruit_to_detach_from_pedicel` AS `easiness_of_fruit_to_detach_from_pedicel`,`v_fruit`.`fruit_shoulder_shape` AS `fruit_shoulder_shape`,`v_fruit`.`presence_absence_of_jiontless_pedicel` AS `presence_absence_of_jiontless_pedicel`,`v_fruit`.`easiness_of_fruit_wall_skin_to_be_peeled` AS `easiness_of_fruit_wall_skin_to_be_peeled`,`v_fruit`.`skin_colour_of_ripe_fruit` AS `skin_colour_of_ripe_fruit`,`v_fruit`.`flesh_colour_of_peiricarp_interior` AS `flesh_colour_of_peiricarp_interior`,`v_fruit`.`flesh_colour_intensity` AS `flesh_colour_intensity`,`v_fruit`.`colour_intensity_of_core` AS `colour_intensity_of_core`,`v_fruit`.`fruit_cross_sectional_shape` AS `fruit_cross_sectional_shape`,`v_fruit`.`shape_of_pistil_scar` AS `shape_of_pistil_scar`,`v_fruit`.`fruit_blossom_end_shape` AS `fruit_blossom_end_shape`,`v_fruit`.`blossom_end_scar_condition` AS `blossom_end_scar_condition`,`v_fruit`.`fruit_firmness_after_storage` AS `fruit_firmness_after_storage`,`v_seed`.`seed_shape` AS `seed_shape`,`v_seed`.`seed_colour` AS `seed_colour` from ((((((`fact_tomato` left join `v_accession_number` on((`v_accession_number`.`id_accession_number` = `fact_tomato`.`id_accession_number`))) left join `v_seedling` on((`v_seedling`.`id_seedling` = `fact_tomato`.`id_seeding`))) left join `v_plant` on((`v_plant`.`id_plant` = `fact_tomato`.`id_plant`))) left join `v_flower` on((`v_flower`.`id_flower` = `fact_tomato`.`id_flower`))) left join `v_fruit` on((`v_fruit`.`id_fruit` = `fact_tomato`.`id_fruit`))) left join `v_seed` on((`v_seed`.`id_seed` = `fact_tomato`.`id_seed`))) order by `fact_tomato`.`id_fact_tomato` ;

-- --------------------------------------------------------

--
-- Structure for view `v_flower`
--
DROP TABLE IF EXISTS `v_flower`;

CREATE ALGORITHM=UNDEFINED DEFINER=`root`@`localhost` SQL SECURITY DEFINER VIEW `v_flower`  AS  select `flower`.`id_flower` AS `id_flower`,`inflorescence_type`.`id_inflorescence_type` AS `id_inflorescence_type`,`corolla_colour`.`id_corolla_colour` AS `id_corolla_colour`,`corolla_blossom_type`.`id_corolla_blossom_type` AS `id_corolla_blossom_type`,`flower_sterility_type`.`id_flower_sterility_type` AS `id_flower_sterility_type`,`style_position`.`id_style_position` AS `id_style_position`,`style_shape`.`id_style_shape` AS `id_style_shape`,`style_hairiness`.`id_style_hairiness` AS `id_style_hairiness`,`dehiscence`.`id_dehiscence` AS `id_dehiscence`,`inflorescence_type`.`inflorescence_type` AS `inflorescence_type`,`corolla_colour`.`corolla_colour` AS `corolla_colour`,`corolla_blossom_type`.`corolla_blossom_type` AS `corolla_blossom_type`,`flower_sterility_type`.`flower_sterility_type` AS `flower_sterility_type`,`style_position`.`style_position` AS `style_position`,`style_shape`.`style_shape` AS `style_shape`,`style_hairiness`.`style_hairiness` AS `style_hairiness`,`dehiscence`.`dehiscence` AS `dehiscence` from ((((((((`flower` left join `inflorescence_type` on((`inflorescence_type`.`id_inflorescence_type` = `flower`.`id_inflorescence_type`))) left join `corolla_colour` on((`corolla_colour`.`id_corolla_colour` = `flower`.`id_corolla_colour`))) left join `corolla_blossom_type` on((`corolla_blossom_type`.`id_corolla_blossom_type` = `flower`.`id_corolla_blossom_type`))) left join `flower_sterility_type` on((`flower_sterility_type`.`id_flower_sterility_type` = `flower`.`id_flower_sterility_type`))) left join `style_position` on((`style_position`.`id_style_position` = `flower`.`id_style_position`))) left join `style_shape` on((`style_shape`.`id_style_shape` = `flower`.`id_style_shape`))) left join `style_hairiness` on((`style_hairiness`.`id_style_hairiness` = `flower`.`id_style_hairiness`))) left join `dehiscence` on((`dehiscence`.`id_dehiscence` = `flower`.`id_dehiscence`))) ;

-- --------------------------------------------------------

--
-- Structure for view `v_fruit`
--
DROP TABLE IF EXISTS `v_fruit`;

CREATE ALGORITHM=UNDEFINED DEFINER=`root`@`localhost` SQL SECURITY DEFINER VIEW `v_fruit`  AS  select `fruit`.`id_fruit` AS `id_fruit`,`exterior_colour_of_mature_fruit`.`exterior_colour_of_mature_fruit` AS `exterior_colour_of_mature_fruit`,`presence_of_green_shoulder_trips_on_the_fruit`.`presence_of_green_shoulder_trips_on_the_fruit` AS `presence_of_green_shoulder_trips_on_the_fruit`,`intensity_of_greenback`.`intensity_of_greenback` AS `intensity_of_greenback`,`fruit_pubescence`.`fruit_pubescence` AS `fruit_pubescence`,`predominant_fruit_shape`.`predominant_fruit_shape` AS `predominant_fruit_shape`,`fruit_size`.`fruit_size` AS `fruit_size`,`fruit_size_homogeneity`.`fruit_size_homogeneity` AS `fruit_size_homogeneity`,`intensity_of_exterior_colour`.`intensity_of_exterior_colour` AS `intensity_of_exterior_colour`,`ribbing_at_calyx_end`.`ribbing_at_calyx_end` AS `ribbing_at_calyx_end`,`easiness_of_fruit_to_detach_from_pedicel`.`easiness_of_fruit_to_detach_from_pedicel` AS `easiness_of_fruit_to_detach_from_pedicel`,`fruit_shoulder_shape`.`fruit_shoulder_shape` AS `fruit_shoulder_shape`,`presence_absence_of_jiontless_pedicel`.`presence_absence_of_jiontless_pedicel` AS `presence_absence_of_jiontless_pedicel`,`easiness_of_fruit_wall_skin_to_be_peeled`.`easiness_of_fruit_wall_skin_to_be_peeled` AS `easiness_of_fruit_wall_skin_to_be_peeled`,`skin_colour_of_ripe_fruit`.`skin_colour_of_ripe_fruit` AS `skin_colour_of_ripe_fruit`,`flesh_colour_of_peiricarp_interior`.`flesh_colour_of_peiricarp_interior` AS `flesh_colour_of_peiricarp_interior`,`flesh_colour_intensity`.`flesh_colour_intensity` AS `flesh_colour_intensity`,`colour_intensity_of_core`.`colour_intensity_of_core` AS `colour_intensity_of_core`,`fruit_cross_sectional_shape`.`fruit_cross_sectional_shape` AS `fruit_cross_sectional_shape`,`shape_of_pistil_scar`.`shape_of_pistil_scar` AS `shape_of_pistil_scar`,`fruit_blossom_end_shape`.`fruit_blossom_end_shape` AS `fruit_blossom_end_shape`,`blossom_end_scar_condition`.`blossom_end_scar_condition` AS `blossom_end_scar_condition`,`fruit_firmness_after_storage`.`fruit_firmness_after_storage` AS `fruit_firmness_after_storage`,`exterior_colour_of_mature_fruit`.`id_exterior_colour_of_mature_fruit` AS `id_exterior_colour_of_mature_fruit`,`presence_of_green_shoulder_trips_on_the_fruit`.`id_presence_of_green_shoulder_trips_on_the_fruit` AS `id_presence_of_green_shoulder_trips_on_the_fruit`,`intensity_of_greenback`.`id_intensity_of_greenback` AS `id_intensity_of_greenback`,`fruit_pubescence`.`id_fruit_pubescence` AS `id_fruit_pubescence`,`predominant_fruit_shape`.`id_predominant_fruit_shape` AS `id_predominant_fruit_shape`,`fruit_size`.`id_fruit_size` AS `id_fruit_size`,`fruit_size_homogeneity`.`id_fruit_size_homogeneity` AS `id_fruit_size_homogeneity`,`intensity_of_exterior_colour`.`id_intensity_of_exterior_colour` AS `id_intensity_of_exterior_colour`,`ribbing_at_calyx_end`.`id_ribbing_at_calyx_end` AS `id_ribbing_at_calyx_end`,`easiness_of_fruit_to_detach_from_pedicel`.`id_easiness_of_fruit_to_detach_from_pedicel` AS `id_easiness_of_fruit_to_detach_from_pedicel`,`fruit_shoulder_shape`.`id_fruit_shoulder_shape` AS `id_fruit_shoulder_shape`,`presence_absence_of_jiontless_pedicel`.`id_presence_absence_of_jiontless_pedicel` AS `id_presence_absence_of_jiontless_pedicel`,`easiness_of_fruit_wall_skin_to_be_peeled`.`id_easiness_of_fruit_wall_skin_to_be_peeled` AS `id_easiness_of_fruit_wall_skin_to_be_peeled`,`skin_colour_of_ripe_fruit`.`id_skin_colour_of_ripe_fruit` AS `id_skin_colour_of_ripe_fruit`,`flesh_colour_of_peiricarp_interior`.`id_flesh_colour_of_peiricarp_interior` AS `id_flesh_colour_of_peiricarp_interior`,`flesh_colour_intensity`.`id_flesh_colour_intensity` AS `id_flesh_colour_intensity`,`colour_intensity_of_core`.`id_colour_intensity_of_core` AS `id_colour_intensity_of_core`,`fruit_cross_sectional_shape`.`id_fruit_cross_sectional_shape` AS `id_fruit_cross_sectional_shape`,`shape_of_pistil_scar`.`id_shape_of_pistil_scar` AS `id_shape_of_pistil_scar`,`fruit_blossom_end_shape`.`id_fruit_blossom_end_shape` AS `id_fruit_blossom_end_shape`,`blossom_end_scar_condition`.`id_blossom_end_scar_condition` AS `id_blossom_end_scar_condition`,`fruit_firmness_after_storage`.`id_fruit_firmness_after_storage` AS `id_fruit_firmness_after_storage` from ((((((((((((((((((((((`fruit` left join `exterior_colour_of_mature_fruit` on((`fruit`.`id_exterior_colour_of_immature_fruit` = `exterior_colour_of_mature_fruit`.`id_exterior_colour_of_mature_fruit`))) left join `presence_of_green_shoulder_trips_on_the_fruit` on((`presence_of_green_shoulder_trips_on_the_fruit`.`id_presence_of_green_shoulder_trips_on_the_fruit` = `fruit`.`id_presence_of_green_shoulder_trips_on_the_fruit`))) left join `intensity_of_greenback` on((`intensity_of_greenback`.`id_intensity_of_greenback` = `fruit`.`id_intensity_of_greenback`))) left join `fruit_pubescence` on((`fruit_pubescence`.`id_fruit_pubescence` = `fruit`.`id_fruit_pubescence`))) left join `predominant_fruit_shape` on((`predominant_fruit_shape`.`id_predominant_fruit_shape` = `fruit`.`id_predominant_fruit_shape`))) left join `fruit_size` on((`fruit_size`.`id_fruit_size` = `fruit`.`id_fruit_size`))) left join `fruit_size_homogeneity` on((`fruit_size_homogeneity`.`id_fruit_size_homogeneity` = `fruit`.`id_fruit_size_homogeneity`))) left join `intensity_of_exterior_colour` on((`intensity_of_exterior_colour`.`id_intensity_of_exterior_colour` = `fruit`.`id_intensity_of_exterior_colour`))) left join `ribbing_at_calyx_end` on((`ribbing_at_calyx_end`.`id_ribbing_at_calyx_end` = `fruit`.`id_ribbing_at_calyx_end`))) left join `easiness_of_fruit_to_detach_from_pedicel` on((`easiness_of_fruit_to_detach_from_pedicel`.`id_easiness_of_fruit_to_detach_from_pedicel` = `fruit`.`id_easiness_of_fruit_to_detach_from_pedicel`))) left join `fruit_shoulder_shape` on((`fruit_shoulder_shape`.`id_fruit_shoulder_shape` = `fruit`.`id_fruit_shoulder_shape`))) left join `presence_absence_of_jiontless_pedicel` on((`presence_absence_of_jiontless_pedicel`.`id_presence_absence_of_jiontless_pedicel` = `fruit`.`id_presence_absence_of_jiontless_pedicel`))) left join `easiness_of_fruit_wall_skin_to_be_peeled` on((`easiness_of_fruit_wall_skin_to_be_peeled`.`id_easiness_of_fruit_wall_skin_to_be_peeled` = `fruit`.`id_easiness_of_fruit_wall_skin_to_be_peeled`))) left join `skin_colour_of_ripe_fruit` on((`skin_colour_of_ripe_fruit`.`id_skin_colour_of_ripe_fruit` = `fruit`.`id_skin_colour_of_ripe_fruit`))) left join `flesh_colour_of_peiricarp_interior` on((`flesh_colour_of_peiricarp_interior`.`id_flesh_colour_of_peiricarp_interior` = `fruit`.`id_flesh_colour_of_peiricarp_interior`))) left join `flesh_colour_intensity` on((`flesh_colour_intensity`.`id_flesh_colour_intensity` = `fruit`.`id_flesh_colour_intensity`))) left join `colour_intensity_of_core` on((`colour_intensity_of_core`.`id_colour_intensity_of_core` = `fruit`.`id_colour_intensity_of_core`))) left join `fruit_cross_sectional_shape` on((`fruit_cross_sectional_shape`.`id_fruit_cross_sectional_shape` = `fruit`.`id_fruit_cross_sectional_shape`))) left join `shape_of_pistil_scar` on((`shape_of_pistil_scar`.`id_shape_of_pistil_scar` = `fruit`.`id_shape_of_pistil_scar`))) left join `fruit_blossom_end_shape` on((`fruit_blossom_end_shape`.`id_fruit_blossom_end_shape` = `fruit`.`id_fruit_blossom_end_shape`))) left join `blossom_end_scar_condition` on((`blossom_end_scar_condition`.`id_blossom_end_scar_condition` = `fruit`.`id_blossom_end_scar_condition`))) left join `fruit_firmness_after_storage` on((`fruit_firmness_after_storage`.`id_fruit_firmness_after_storage` = `fruit`.`id_fruit_firmness_after_storage`))) order by `fruit`.`id_fruit` ;

-- --------------------------------------------------------

--
-- Structure for view `v_plant`
--
DROP TABLE IF EXISTS `v_plant`;

CREATE ALGORITHM=UNDEFINED DEFINER=`root`@`localhost` SQL SECURITY DEFINER VIEW `v_plant`  AS  select `plant`.`id_plant` AS `id_plant`,`plant_growth_type`.`plant_growth_type` AS `plant_growth_type`,`plant_size`.`plant_size` AS `plant_size`,`stem_pubescence_density`.`stem_pubescence_density` AS `stem_pubescence_density`,`stem_internode_length`.`stem_internode_length` AS `stem_internode_length`,`foliage_density`.`foliage_density` AS `foliage_density`,`number_of_leaves_under_1st_inflorescence`.`number_of_leaves_under_1st_inflorescence` AS `number_of_leaves_under_1st_inflorescence`,`leaf_attitude`.`leaf_attitude` AS `leaf_attitude`,`leaf_type`.`leaf_type` AS `leaf_type`,`degree_of_leaf_dissection`.`degree_of_leaf_dissection` AS `degree_of_leaf_dissection`,`anthocyanin_colouration_of_leaf_veins`.`anthocyanin_colouration_of_leaf_veins` AS `anthocyanin_colouration_of_leaf_veins`,`plant_growth_type`.`id_plant_growth_type` AS `id_plant_growth_type`,`plant_size`.`id_plant_size` AS `id_plant_size`,`stem_pubescence_density`.`id_stem_pubescence_density` AS `id_stem_pubescence_density`,`stem_internode_length`.`id_stem_internode_length` AS `id_stem_internode_length`,`foliage_density`.`id_foliage_density` AS `id_foliage_density`,`number_of_leaves_under_1st_inflorescence`.`id_number_of_leaves_under_1st_inflorescence` AS `id_number_of_leaves_under_1st_inflorescence`,`leaf_attitude`.`id_leaf_attitude` AS `id_leaf_attitude`,`leaf_type`.`id_leaf_type` AS `id_leaf_type`,`degree_of_leaf_dissection`.`id_degree_of_leaf_dissection` AS `id_degree_of_leaf_dissection`,`anthocyanin_colouration_of_leaf_veins`.`id_anthocyanin_colouration_of_leaf_veins` AS `id_anthocyanin_colouration_of_leaf_veins` from ((((((((((`plant` left join `plant_growth_type` on((`plant_growth_type`.`id_plant_growth_type` = `plant`.`id_plant_growth_type`))) left join `anthocyanin_colouration_of_leaf_veins` on((`anthocyanin_colouration_of_leaf_veins`.`id_anthocyanin_colouration_of_leaf_veins` = `plant`.`id_anthocyanin_colouration_of_leaf_veins`))) left join `plant_size` on((`plant_size`.`id_plant_size` = `plant`.`id_plant_size`))) left join `stem_pubescence_density` on((`stem_pubescence_density`.`id_stem_pubescence_density` = `plant`.`id_stem_pubescence_density`))) left join `stem_internode_length` on((`stem_internode_length`.`id_stem_internode_length` = `plant`.`id_stem_internode_length`))) left join `foliage_density` on((`foliage_density`.`id_foliage_density` = `plant`.`id_foliage_density`))) left join `number_of_leaves_under_1st_inflorescence` on((`number_of_leaves_under_1st_inflorescence`.`id_number_of_leaves_under_1st_inflorescence` = `plant`.`id_number_of_leaves_under_1st_inflorescence`))) left join `leaf_attitude` on((`leaf_attitude`.`id_leaf_attitude` = `plant`.`id_leaf_attitude`))) left join `leaf_type` on((`leaf_type`.`id_leaf_type` = `plant`.`id_leaf_type`))) left join `degree_of_leaf_dissection` on((`degree_of_leaf_dissection`.`id_degree_of_leaf_dissection` = `plant`.`id_degree_of_leaf_dissection`))) order by `plant`.`id_plant` ;

-- --------------------------------------------------------

--
-- Structure for view `v_seed`
--
DROP TABLE IF EXISTS `v_seed`;

CREATE ALGORITHM=UNDEFINED DEFINER=`root`@`localhost` SQL SECURITY DEFINER VIEW `v_seed`  AS  select `seed`.`id_seed` AS `id_seed`,`seed_shape`.`seed_shape` AS `seed_shape`,`seed_colour`.`seed_colour` AS `seed_colour`,`seed_shape`.`id_seed_shape` AS `id_seed_shape`,`seed_colour`.`id_seed_colour` AS `id_seed_colour` from ((`seed` left join `seed_shape` on((`seed_shape`.`id_seed_shape` = `seed`.`id_seed_shape`))) left join `seed_colour` on((`seed_colour`.`id_seed_colour` = `seed`.`id_seed_colour`))) order by `seed`.`id_seed` ;

-- --------------------------------------------------------

--
-- Structure for view `v_seedling`
--
DROP TABLE IF EXISTS `v_seedling`;

CREATE ALGORITHM=UNDEFINED DEFINER=`root`@`localhost` SQL SECURITY DEFINER VIEW `v_seedling`  AS  select `seedling`.`id_seedling` AS `id_seedling`,`hypocotyl_colour`.`hypocotyl_colour` AS `hypocotyl_colour`,`hypocotyl_colour_intensity`.`hypocotyl_colour_intensity` AS `hypocotyl_colour_intensity`,`hypocotyl_pubescence`.`hypocotyl_pubescence` AS `hypocotyl_pubescence`,`hypocotyl_colour`.`id_hypocotyl_colour` AS `id_hypocotyl_colour`,`hypocotyl_colour_intensity`.`id_hypocotyl_colour_intensity` AS `id_hypocotyl_colour_intensity`,`hypocotyl_pubescence`.`id_hypocotyl_pubescence` AS `id_hypocotyl_pubescence` from (((`seedling` left join `hypocotyl_colour` on((`seedling`.`id_hypocotyl_colour` = `hypocotyl_colour`.`id_hypocotyl_colour`))) left join `hypocotyl_colour_intensity` on((`seedling`.`id_hypocotyl_colour_intensity` = `hypocotyl_colour_intensity`.`id_hypocotyl_colour_intensity`))) left join `hypocotyl_pubescence` on((`seedling`.`id_hypocotyl_pubescence` = `hypocotyl_pubescence`.`id_hypocotyl_pubescence`))) order by `seedling`.`id_seedling` ;

--
-- Indexes for dumped tables
--

--
-- Indexes for table `accession_number`
--
ALTER TABLE `accession_number`
  ADD PRIMARY KEY (`id_accession_number`);

--
-- Indexes for table `anthocyanin_colouration_of_leaf_veins`
--
ALTER TABLE `anthocyanin_colouration_of_leaf_veins`
  ADD PRIMARY KEY (`id_anthocyanin_colouration_of_leaf_veins`);

--
-- Indexes for table `blossom_end_scar_condition`
--
ALTER TABLE `blossom_end_scar_condition`
  ADD PRIMARY KEY (`id_blossom_end_scar_condition`);

--
-- Indexes for table `colour_intensity_of_core`
--
ALTER TABLE `colour_intensity_of_core`
  ADD PRIMARY KEY (`id_colour_intensity_of_core`);

--
-- Indexes for table `corolla_blossom_type`
--
ALTER TABLE `corolla_blossom_type`
  ADD PRIMARY KEY (`id_corolla_blossom_type`);

--
-- Indexes for table `corolla_colour`
--
ALTER TABLE `corolla_colour`
  ADD PRIMARY KEY (`id_corolla_colour`);

--
-- Indexes for table `data_owner`
--
ALTER TABLE `data_owner`
  ADD PRIMARY KEY (`id_member`,`id_fact_tomato`),
  ADD KEY `id_fact_tomato` (`id_fact_tomato`);

--
-- Indexes for table `data_shared`
--
ALTER TABLE `data_shared`
  ADD PRIMARY KEY (`id_fact_tomato`,`id_member_owner`,`id_member_shared`),
  ADD KEY `id_member_owner` (`id_member_owner`),
  ADD KEY `id_member_shared` (`id_member_shared`);

--
-- Indexes for table `degree_of_leaf_dissection`
--
ALTER TABLE `degree_of_leaf_dissection`
  ADD PRIMARY KEY (`id_degree_of_leaf_dissection`);

--
-- Indexes for table `dehiscence`
--
ALTER TABLE `dehiscence`
  ADD PRIMARY KEY (`id_dehiscence`);

--
-- Indexes for table `easiness_of_fruit_to_detach_from_pedicel`
--
ALTER TABLE `easiness_of_fruit_to_detach_from_pedicel`
  ADD PRIMARY KEY (`id_easiness_of_fruit_to_detach_from_pedicel`);

--
-- Indexes for table `easiness_of_fruit_wall_skin_to_be_peeled`
--
ALTER TABLE `easiness_of_fruit_wall_skin_to_be_peeled`
  ADD PRIMARY KEY (`id_easiness_of_fruit_wall_skin_to_be_peeled`);

--
-- Indexes for table `exterior_colour_of_immature_fruit`
--
ALTER TABLE `exterior_colour_of_immature_fruit`
  ADD PRIMARY KEY (`id_exterior_colour_of_immature_fruit`);

--
-- Indexes for table `exterior_colour_of_mature_fruit`
--
ALTER TABLE `exterior_colour_of_mature_fruit`
  ADD PRIMARY KEY (`id_exterior_colour_of_mature_fruit`);

--
-- Indexes for table `fact_tomato`
--
ALTER TABLE `fact_tomato`
  ADD PRIMARY KEY (`id_fact_tomato`),
  ADD KEY `fk_fact_tomato_1` (`id_seeding`),
  ADD KEY `fk_fact_tomato_2` (`id_plant`),
  ADD KEY `fk_fact_tomato_3` (`id_flower`),
  ADD KEY `fk_fact_tomato_4` (`id_fruit`),
  ADD KEY `fk_fact_tomato_5` (`id_seed`),
  ADD KEY `fk_fact_tomato_6` (`id_photo`),
  ADD KEY `fk_fact_tomato_7` (`id_accession_number`);

--
-- Indexes for table `flesh_colour_intensity`
--
ALTER TABLE `flesh_colour_intensity`
  ADD PRIMARY KEY (`id_flesh_colour_intensity`);

--
-- Indexes for table `flesh_colour_of_peiricarp_interior`
--
ALTER TABLE `flesh_colour_of_peiricarp_interior`
  ADD PRIMARY KEY (`id_flesh_colour_of_peiricarp_interior`);

--
-- Indexes for table `flower`
--
ALTER TABLE `flower`
  ADD PRIMARY KEY (`id_flower`),
  ADD KEY `flower_fk_1` (`id_inflorescence_type`),
  ADD KEY `flower_fk_2` (`id_corolla_colour`),
  ADD KEY `flower_fk_3` (`id_corolla_blossom_type`),
  ADD KEY `flower_fk_4` (`id_flower_sterility_type`),
  ADD KEY `flower_fk_5` (`id_style_position`),
  ADD KEY `flower_fk_6` (`id_style_shape`),
  ADD KEY `flower_fk_7` (`id_style_hairiness`),
  ADD KEY `flower_fk_8` (`id_dehiscence`);

--
-- Indexes for table `flower_sterility_type`
--
ALTER TABLE `flower_sterility_type`
  ADD PRIMARY KEY (`id_flower_sterility_type`);

--
-- Indexes for table `foliage_density`
--
ALTER TABLE `foliage_density`
  ADD PRIMARY KEY (`id_foliage_density`);

--
-- Indexes for table `fruit`
--
ALTER TABLE `fruit`
  ADD PRIMARY KEY (`id_fruit`),
  ADD KEY `fruit_fk_1` (`id_exterior_colour_of_immature_fruit`),
  ADD KEY `fruit_fk_2` (`id_presence_of_green_shoulder_trips_on_the_fruit`),
  ADD KEY `fruit_fk_3` (`id_intensity_of_greenback`),
  ADD KEY `fruit_fk_4` (`id_fruit_pubescence`),
  ADD KEY `fruit_fk_5` (`id_predominant_fruit_shape`),
  ADD KEY `fruit_fk_6` (`id_fruit_size`),
  ADD KEY `fruit_fk_7` (`id_fruit_size_homogeneity`),
  ADD KEY `fruit_fk_8` (`id_exterior_colour_of_mature_fruit`),
  ADD KEY `fruit_fk_9` (`id_intensity_of_exterior_colour`),
  ADD KEY `fruit_fk_10` (`id_ribbing_at_calyx_end`),
  ADD KEY `fruit_fk_11` (`id_easiness_of_fruit_to_detach_from_pedicel`),
  ADD KEY `fruit_fk_12` (`id_fruit_shoulder_shape`),
  ADD KEY `fruit_fk_13` (`id_presence_absence_of_jiontless_pedicel`),
  ADD KEY `fruit_fk_14` (`id_easiness_of_fruit_wall_skin_to_be_peeled`),
  ADD KEY `fruit_fk_15` (`id_skin_colour_of_ripe_fruit`),
  ADD KEY `fruit_fk_16` (`id_flesh_colour_of_peiricarp_interior`),
  ADD KEY `fruit_fk_17` (`id_flesh_colour_intensity`),
  ADD KEY `fruit_fk_18` (`id_colour_intensity_of_core`),
  ADD KEY `fruit_fk_19` (`id_fruit_cross_sectional_shape`),
  ADD KEY `fruit_fk_20` (`id_shape_of_pistil_scar`),
  ADD KEY `fruit_fk_21` (`id_fruit_blossom_end_shape`),
  ADD KEY `fruit_fk_22` (`id_blossom_end_scar_condition`),
  ADD KEY `fruit_fk_23` (`id_fruit_firmness_after_storage`);

--
-- Indexes for table `fruit_blossom_end_shape`
--
ALTER TABLE `fruit_blossom_end_shape`
  ADD PRIMARY KEY (`id_fruit_blossom_end_shape`);

--
-- Indexes for table `fruit_cross_sectional_shape`
--
ALTER TABLE `fruit_cross_sectional_shape`
  ADD PRIMARY KEY (`id_fruit_cross_sectional_shape`);

--
-- Indexes for table `fruit_firmness_after_storage`
--
ALTER TABLE `fruit_firmness_after_storage`
  ADD PRIMARY KEY (`id_fruit_firmness_after_storage`);

--
-- Indexes for table `fruit_pubescence`
--
ALTER TABLE `fruit_pubescence`
  ADD PRIMARY KEY (`id_fruit_pubescence`);

--
-- Indexes for table `fruit_shoulder_shape`
--
ALTER TABLE `fruit_shoulder_shape`
  ADD PRIMARY KEY (`id_fruit_shoulder_shape`);

--
-- Indexes for table `fruit_size`
--
ALTER TABLE `fruit_size`
  ADD PRIMARY KEY (`id_fruit_size`);

--
-- Indexes for table `fruit_size_homogeneity`
--
ALTER TABLE `fruit_size_homogeneity`
  ADD PRIMARY KEY (`id_fruit_size_homogeneity`);

--
-- Indexes for table `gallery`
--
ALTER TABLE `gallery`
  ADD KEY `fk_gallery_1` (`id_fact_toamto`),
  ADD KEY `fk_gallery_2` (`id_photo`);

--
-- Indexes for table `hypocotyl_colour`
--
ALTER TABLE `hypocotyl_colour`
  ADD PRIMARY KEY (`id_hypocotyl_colour`);

--
-- Indexes for table `hypocotyl_colour_intensity`
--
ALTER TABLE `hypocotyl_colour_intensity`
  ADD PRIMARY KEY (`id_hypocotyl_colour_intensity`);

--
-- Indexes for table `hypocotyl_pubescence`
--
ALTER TABLE `hypocotyl_pubescence`
  ADD PRIMARY KEY (`id_hypocotyl_pubescence`);

--
-- Indexes for table `inflorescence_type`
--
ALTER TABLE `inflorescence_type`
  ADD PRIMARY KEY (`id_inflorescence_type`);

--
-- Indexes for table `intensity_of_exterior_colour`
--
ALTER TABLE `intensity_of_exterior_colour`
  ADD PRIMARY KEY (`id_intensity_of_exterior_colour`);

--
-- Indexes for table `intensity_of_greenback`
--
ALTER TABLE `intensity_of_greenback`
  ADD PRIMARY KEY (`id_intensity_of_greenback`);

--
-- Indexes for table `leaf_attitude`
--
ALTER TABLE `leaf_attitude`
  ADD PRIMARY KEY (`id_leaf_attitude`);

--
-- Indexes for table `leaf_type`
--
ALTER TABLE `leaf_type`
  ADD PRIMARY KEY (`id_leaf_type`);

--
-- Indexes for table `member`
--
ALTER TABLE `member`
  ADD PRIMARY KEY (`id_member`);

--
-- Indexes for table `number_of_leaves_under_1st_inflorescence`
--
ALTER TABLE `number_of_leaves_under_1st_inflorescence`
  ADD PRIMARY KEY (`id_number_of_leaves_under_1st_inflorescence`);

--
-- Indexes for table `photo`
--
ALTER TABLE `photo`
  ADD PRIMARY KEY (`id_photo`);

--
-- Indexes for table `plant`
--
ALTER TABLE `plant`
  ADD PRIMARY KEY (`id_plant`),
  ADD KEY `plant_fk_1` (`id_plant_growth_type`),
  ADD KEY `plant_fk_2` (`id_plant_size`),
  ADD KEY `plant_fk_3` (`id_stem_internode_length`),
  ADD KEY `plant_fk_4` (`id_stem_pubescence_density`),
  ADD KEY `plant_fk_5` (`id_number_of_leaves_under_1st_inflorescence`),
  ADD KEY `plant_fk_6` (`id_leaf_type`),
  ADD KEY `plant_fk_7` (`id_leaf_attitude`),
  ADD KEY `plant_fk_8` (`id_foliage_density`),
  ADD KEY `plant_fk_9` (`id_degree_of_leaf_dissection`),
  ADD KEY `plant_fk_10` (`id_anthocyanin_colouration_of_leaf_veins`);

--
-- Indexes for table `plant_growth_type`
--
ALTER TABLE `plant_growth_type`
  ADD PRIMARY KEY (`id_plant_growth_type`);

--
-- Indexes for table `plant_size`
--
ALTER TABLE `plant_size`
  ADD PRIMARY KEY (`id_plant_size`);

--
-- Indexes for table `predominant_fruit_shape`
--
ALTER TABLE `predominant_fruit_shape`
  ADD PRIMARY KEY (`id_predominant_fruit_shape`);

--
-- Indexes for table `presence_absence_of_jiontless_pedicel`
--
ALTER TABLE `presence_absence_of_jiontless_pedicel`
  ADD PRIMARY KEY (`id_presence_absence_of_jiontless_pedicel`);

--
-- Indexes for table `presence_of_green_shoulder_trips_on_the_fruit`
--
ALTER TABLE `presence_of_green_shoulder_trips_on_the_fruit`
  ADD PRIMARY KEY (`id_presence_of_green_shoulder_trips_on_the_fruit`);

--
-- Indexes for table `ribbing_at_calyx_end`
--
ALTER TABLE `ribbing_at_calyx_end`
  ADD PRIMARY KEY (`id_ribbing_at_calyx_end`);

--
-- Indexes for table `seed`
--
ALTER TABLE `seed`
  ADD PRIMARY KEY (`id_seed`),
  ADD KEY `seed_fk_1` (`id_seed_shape`),
  ADD KEY `seed_fk_2` (`id_seed_colour`);

--
-- Indexes for table `seedling`
--
ALTER TABLE `seedling`
  ADD PRIMARY KEY (`id_seedling`),
  ADD KEY `seedling_fk_1` (`id_hypocotyl_colour`),
  ADD KEY `seedling_fk_2` (`id_hypocotyl_colour_intensity`),
  ADD KEY `seedling_fk_3` (`id_hypocotyl_pubescence`);

--
-- Indexes for table `seed_colour`
--
ALTER TABLE `seed_colour`
  ADD PRIMARY KEY (`id_seed_colour`);

--
-- Indexes for table `seed_shape`
--
ALTER TABLE `seed_shape`
  ADD PRIMARY KEY (`id_seed_shape`);

--
-- Indexes for table `shape_of_pistil_scar`
--
ALTER TABLE `shape_of_pistil_scar`
  ADD PRIMARY KEY (`id_shape_of_pistil_scar`);

--
-- Indexes for table `skin_colour_of_ripe_fruit`
--
ALTER TABLE `skin_colour_of_ripe_fruit`
  ADD PRIMARY KEY (`id_skin_colour_of_ripe_fruit`);

--
-- Indexes for table `stem_internode_length`
--
ALTER TABLE `stem_internode_length`
  ADD PRIMARY KEY (`id_stem_internode_length`);

--
-- Indexes for table `stem_pubescence_density`
--
ALTER TABLE `stem_pubescence_density`
  ADD PRIMARY KEY (`id_stem_pubescence_density`);

--
-- Indexes for table `style_hairiness`
--
ALTER TABLE `style_hairiness`
  ADD PRIMARY KEY (`id_style_hairiness`);

--
-- Indexes for table `style_position`
--
ALTER TABLE `style_position`
  ADD PRIMARY KEY (`id_style_position`);

--
-- Indexes for table `style_shape`
--
ALTER TABLE `style_shape`
  ADD PRIMARY KEY (`id_style_shape`);

--
-- AUTO_INCREMENT for dumped tables
--

--
-- AUTO_INCREMENT for table `accession_number`
--
ALTER TABLE `accession_number`
  MODIFY `id_accession_number` int(11) NOT NULL AUTO_INCREMENT, AUTO_INCREMENT=526;

--
-- AUTO_INCREMENT for table `anthocyanin_colouration_of_leaf_veins`
--
ALTER TABLE `anthocyanin_colouration_of_leaf_veins`
  MODIFY `id_anthocyanin_colouration_of_leaf_veins` int(11) NOT NULL AUTO_INCREMENT, AUTO_INCREMENT=3;

--
-- AUTO_INCREMENT for table `blossom_end_scar_condition`
--
ALTER TABLE `blossom_end_scar_condition`
  MODIFY `id_blossom_end_scar_condition` int(11) NOT NULL AUTO_INCREMENT, AUTO_INCREMENT=4;

--
-- AUTO_INCREMENT for table `colour_intensity_of_core`
--
ALTER TABLE `colour_intensity_of_core`
  MODIFY `id_colour_intensity_of_core` int(11) NOT NULL AUTO_INCREMENT, AUTO_INCREMENT=7;

--
-- AUTO_INCREMENT for table `corolla_blossom_type`
--
ALTER TABLE `corolla_blossom_type`
  MODIFY `id_corolla_blossom_type` int(11) NOT NULL AUTO_INCREMENT, AUTO_INCREMENT=3;

--
-- AUTO_INCREMENT for table `corolla_colour`
--
ALTER TABLE `corolla_colour`
  MODIFY `id_corolla_colour` int(11) NOT NULL AUTO_INCREMENT, AUTO_INCREMENT=4;

--
-- AUTO_INCREMENT for table `degree_of_leaf_dissection`
--
ALTER TABLE `degree_of_leaf_dissection`
  MODIFY `id_degree_of_leaf_dissection` int(11) NOT NULL AUTO_INCREMENT, AUTO_INCREMENT=4;

--
-- AUTO_INCREMENT for table `dehiscence`
--
ALTER TABLE `dehiscence`
  MODIFY `id_dehiscence` int(11) NOT NULL AUTO_INCREMENT, AUTO_INCREMENT=3;

--
-- AUTO_INCREMENT for table `easiness_of_fruit_to_detach_from_pedicel`
--
ALTER TABLE `easiness_of_fruit_to_detach_from_pedicel`
  MODIFY `id_easiness_of_fruit_to_detach_from_pedicel` int(11) NOT NULL AUTO_INCREMENT, AUTO_INCREMENT=4;

--
-- AUTO_INCREMENT for table `easiness_of_fruit_wall_skin_to_be_peeled`
--
ALTER TABLE `easiness_of_fruit_wall_skin_to_be_peeled`
  MODIFY `id_easiness_of_fruit_wall_skin_to_be_peeled` int(11) NOT NULL AUTO_INCREMENT, AUTO_INCREMENT=7;

--
-- AUTO_INCREMENT for table `exterior_colour_of_immature_fruit`
--
ALTER TABLE `exterior_colour_of_immature_fruit`
  MODIFY `id_exterior_colour_of_immature_fruit` int(11) NOT NULL AUTO_INCREMENT, AUTO_INCREMENT=6;

--
-- AUTO_INCREMENT for table `exterior_colour_of_mature_fruit`
--
ALTER TABLE `exterior_colour_of_mature_fruit`
  MODIFY `id_exterior_colour_of_mature_fruit` int(11) NOT NULL AUTO_INCREMENT, AUTO_INCREMENT=7;

--
-- AUTO_INCREMENT for table `fact_tomato`
--
ALTER TABLE `fact_tomato`
  MODIFY `id_fact_tomato` int(11) NOT NULL AUTO_INCREMENT, AUTO_INCREMENT=526;

--
-- AUTO_INCREMENT for table `flesh_colour_intensity`
--
ALTER TABLE `flesh_colour_intensity`
  MODIFY `id_flesh_colour_intensity` int(11) NOT NULL AUTO_INCREMENT, AUTO_INCREMENT=4;

--
-- AUTO_INCREMENT for table `flesh_colour_of_peiricarp_interior`
--
ALTER TABLE `flesh_colour_of_peiricarp_interior`
  MODIFY `id_flesh_colour_of_peiricarp_interior` int(11) NOT NULL AUTO_INCREMENT, AUTO_INCREMENT=7;

--
-- AUTO_INCREMENT for table `flower`
--
ALTER TABLE `flower`
  MODIFY `id_flower` int(11) NOT NULL AUTO_INCREMENT, AUTO_INCREMENT=62;

--
-- AUTO_INCREMENT for table `flower_sterility_type`
--
ALTER TABLE `flower_sterility_type`
  MODIFY `id_flower_sterility_type` int(11) NOT NULL AUTO_INCREMENT, AUTO_INCREMENT=4;

--
-- AUTO_INCREMENT for table `foliage_density`
--
ALTER TABLE `foliage_density`
  MODIFY `id_foliage_density` int(11) NOT NULL AUTO_INCREMENT, AUTO_INCREMENT=4;

--
-- AUTO_INCREMENT for table `fruit`
--
ALTER TABLE `fruit`
  MODIFY `id_fruit` int(11) NOT NULL AUTO_INCREMENT, AUTO_INCREMENT=515;

--
-- AUTO_INCREMENT for table `fruit_blossom_end_shape`
--
ALTER TABLE `fruit_blossom_end_shape`
  MODIFY `id_fruit_blossom_end_shape` int(11) NOT NULL AUTO_INCREMENT, AUTO_INCREMENT=5;

--
-- AUTO_INCREMENT for table `fruit_cross_sectional_shape`
--
ALTER TABLE `fruit_cross_sectional_shape`
  MODIFY `id_fruit_cross_sectional_shape` int(11) NOT NULL AUTO_INCREMENT, AUTO_INCREMENT=4;

--
-- AUTO_INCREMENT for table `fruit_firmness_after_storage`
--
ALTER TABLE `fruit_firmness_after_storage`
  MODIFY `id_fruit_firmness_after_storage` int(11) NOT NULL AUTO_INCREMENT, AUTO_INCREMENT=4;

--
-- AUTO_INCREMENT for table `fruit_pubescence`
--
ALTER TABLE `fruit_pubescence`
  MODIFY `id_fruit_pubescence` int(11) NOT NULL AUTO_INCREMENT, AUTO_INCREMENT=4;

--
-- AUTO_INCREMENT for table `fruit_shoulder_shape`
--
ALTER TABLE `fruit_shoulder_shape`
  MODIFY `id_fruit_shoulder_shape` int(11) NOT NULL AUTO_INCREMENT, AUTO_INCREMENT=6;

--
-- AUTO_INCREMENT for table `fruit_size`
--
ALTER TABLE `fruit_size`
  MODIFY `id_fruit_size` int(11) NOT NULL AUTO_INCREMENT, AUTO_INCREMENT=6;

--
-- AUTO_INCREMENT for table `fruit_size_homogeneity`
--
ALTER TABLE `fruit_size_homogeneity`
  MODIFY `id_fruit_size_homogeneity` int(11) NOT NULL AUTO_INCREMENT, AUTO_INCREMENT=4;

--
-- AUTO_INCREMENT for table `hypocotyl_colour`
--
ALTER TABLE `hypocotyl_colour`
  MODIFY `id_hypocotyl_colour` int(11) NOT NULL AUTO_INCREMENT, AUTO_INCREMENT=6;

--
-- AUTO_INCREMENT for table `hypocotyl_colour_intensity`
--
ALTER TABLE `hypocotyl_colour_intensity`
  MODIFY `id_hypocotyl_colour_intensity` int(11) NOT NULL AUTO_INCREMENT, AUTO_INCREMENT=4;

--
-- AUTO_INCREMENT for table `hypocotyl_pubescence`
--
ALTER TABLE `hypocotyl_pubescence`
  MODIFY `id_hypocotyl_pubescence` int(11) NOT NULL AUTO_INCREMENT, AUTO_INCREMENT=3;

--
-- AUTO_INCREMENT for table `inflorescence_type`
--
ALTER TABLE `inflorescence_type`
  MODIFY `id_inflorescence_type` int(11) NOT NULL AUTO_INCREMENT, AUTO_INCREMENT=4;

--
-- AUTO_INCREMENT for table `intensity_of_exterior_colour`
--
ALTER TABLE `intensity_of_exterior_colour`
  MODIFY `id_intensity_of_exterior_colour` int(11) NOT NULL AUTO_INCREMENT, AUTO_INCREMENT=5;

--
-- AUTO_INCREMENT for table `intensity_of_greenback`
--
ALTER TABLE `intensity_of_greenback`
  MODIFY `id_intensity_of_greenback` int(11) NOT NULL AUTO_INCREMENT, AUTO_INCREMENT=5;

--
-- AUTO_INCREMENT for table `leaf_attitude`
--
ALTER TABLE `leaf_attitude`
  MODIFY `id_leaf_attitude` int(11) NOT NULL AUTO_INCREMENT, AUTO_INCREMENT=4;

--
-- AUTO_INCREMENT for table `leaf_type`
--
ALTER TABLE `leaf_type`
  MODIFY `id_leaf_type` int(11) NOT NULL AUTO_INCREMENT, AUTO_INCREMENT=7;

--
-- AUTO_INCREMENT for table `member`
--
ALTER TABLE `member`
  MODIFY `id_member` int(11) NOT NULL AUTO_INCREMENT, AUTO_INCREMENT=15;

--
-- AUTO_INCREMENT for table `number_of_leaves_under_1st_inflorescence`
--
ALTER TABLE `number_of_leaves_under_1st_inflorescence`
  MODIFY `id_number_of_leaves_under_1st_inflorescence` int(11) NOT NULL AUTO_INCREMENT, AUTO_INCREMENT=3;

--
-- AUTO_INCREMENT for table `photo`
--
ALTER TABLE `photo`
  MODIFY `id_photo` int(11) NOT NULL AUTO_INCREMENT;

--
-- AUTO_INCREMENT for table `plant`
--
ALTER TABLE `plant`
  MODIFY `id_plant` int(11) NOT NULL AUTO_INCREMENT, AUTO_INCREMENT=309;

--
-- AUTO_INCREMENT for table `plant_growth_type`
--
ALTER TABLE `plant_growth_type`
  MODIFY `id_plant_growth_type` int(11) NOT NULL AUTO_INCREMENT, AUTO_INCREMENT=5;

--
-- AUTO_INCREMENT for table `plant_size`
--
ALTER TABLE `plant_size`
  MODIFY `id_plant_size` int(11) NOT NULL AUTO_INCREMENT, AUTO_INCREMENT=4;

--
-- AUTO_INCREMENT for table `predominant_fruit_shape`
--
ALTER TABLE `predominant_fruit_shape`
  MODIFY `id_predominant_fruit_shape` int(11) NOT NULL AUTO_INCREMENT, AUTO_INCREMENT=18;

--
-- AUTO_INCREMENT for table `presence_absence_of_jiontless_pedicel`
--
ALTER TABLE `presence_absence_of_jiontless_pedicel`
  MODIFY `id_presence_absence_of_jiontless_pedicel` int(11) NOT NULL AUTO_INCREMENT, AUTO_INCREMENT=3;

--
-- AUTO_INCREMENT for table `presence_of_green_shoulder_trips_on_the_fruit`
--
ALTER TABLE `presence_of_green_shoulder_trips_on_the_fruit`
  MODIFY `id_presence_of_green_shoulder_trips_on_the_fruit` int(11) NOT NULL AUTO_INCREMENT, AUTO_INCREMENT=3;

--
-- AUTO_INCREMENT for table `ribbing_at_calyx_end`
--
ALTER TABLE `ribbing_at_calyx_end`
  MODIFY `id_ribbing_at_calyx_end` int(11) NOT NULL AUTO_INCREMENT, AUTO_INCREMENT=6;

--
-- AUTO_INCREMENT for table `seed`
--
ALTER TABLE `seed`
  MODIFY `id_seed` int(11) NOT NULL AUTO_INCREMENT, AUTO_INCREMENT=15;

--
-- AUTO_INCREMENT for table `seedling`
--
ALTER TABLE `seedling`
  MODIFY `id_seedling` int(11) NOT NULL AUTO_INCREMENT, AUTO_INCREMENT=15;

--
-- AUTO_INCREMENT for table `seed_colour`
--
ALTER TABLE `seed_colour`
  MODIFY `id_seed_colour` int(11) NOT NULL AUTO_INCREMENT, AUTO_INCREMENT=6;

--
-- AUTO_INCREMENT for table `seed_shape`
--
ALTER TABLE `seed_shape`
  MODIFY `id_seed_shape` int(11) NOT NULL AUTO_INCREMENT, AUTO_INCREMENT=4;

--
-- AUTO_INCREMENT for table `shape_of_pistil_scar`
--
ALTER TABLE `shape_of_pistil_scar`
  MODIFY `id_shape_of_pistil_scar` int(11) NOT NULL AUTO_INCREMENT, AUTO_INCREMENT=6;

--
-- AUTO_INCREMENT for table `skin_colour_of_ripe_fruit`
--
ALTER TABLE `skin_colour_of_ripe_fruit`
  MODIFY `id_skin_colour_of_ripe_fruit` int(11) NOT NULL AUTO_INCREMENT, AUTO_INCREMENT=9;

--
-- AUTO_INCREMENT for table `stem_internode_length`
--
ALTER TABLE `stem_internode_length`
  MODIFY `id_stem_internode_length` int(11) NOT NULL AUTO_INCREMENT, AUTO_INCREMENT=4;

--
-- AUTO_INCREMENT for table `stem_pubescence_density`
--
ALTER TABLE `stem_pubescence_density`
  MODIFY `id_stem_pubescence_density` int(11) NOT NULL AUTO_INCREMENT, AUTO_INCREMENT=4;

--
-- AUTO_INCREMENT for table `style_hairiness`
--
ALTER TABLE `style_hairiness`
  MODIFY `id_style_hairiness` int(11) NOT NULL AUTO_INCREMENT, AUTO_INCREMENT=3;

--
-- AUTO_INCREMENT for table `style_position`
--
ALTER TABLE `style_position`
  MODIFY `id_style_position` int(11) NOT NULL AUTO_INCREMENT, AUTO_INCREMENT=5;

--
-- AUTO_INCREMENT for table `style_shape`
--
ALTER TABLE `style_shape`
  MODIFY `id_style_shape` int(11) NOT NULL AUTO_INCREMENT, AUTO_INCREMENT=4;

--
-- Constraints for dumped tables
--

--
-- Constraints for table `data_owner`
--
ALTER TABLE `data_owner`
  ADD CONSTRAINT `data_owner_ibfk_1` FOREIGN KEY (`id_member`) REFERENCES `member` (`id_member`),
  ADD CONSTRAINT `data_owner_ibfk_2` FOREIGN KEY (`id_fact_tomato`) REFERENCES `fact_tomato` (`id_fact_tomato`);

--
-- Constraints for table `data_shared`
--
ALTER TABLE `data_shared`
  ADD CONSTRAINT `data_shared_ibfk_1` FOREIGN KEY (`id_fact_tomato`) REFERENCES `fact_tomato` (`id_fact_tomato`),
  ADD CONSTRAINT `data_shared_ibfk_2` FOREIGN KEY (`id_member_owner`) REFERENCES `member` (`id_member`),
  ADD CONSTRAINT `data_shared_ibfk_3` FOREIGN KEY (`id_member_shared`) REFERENCES `member` (`id_member`);

--
-- Constraints for table `fact_tomato`
--
ALTER TABLE `fact_tomato`
  ADD CONSTRAINT `fk_fact_tomato_1` FOREIGN KEY (`id_seeding`) REFERENCES `seedling` (`id_seedling`) ON DELETE CASCADE ON UPDATE CASCADE,
  ADD CONSTRAINT `fk_fact_tomato_2` FOREIGN KEY (`id_plant`) REFERENCES `plant` (`id_plant`) ON DELETE CASCADE ON UPDATE CASCADE,
  ADD CONSTRAINT `fk_fact_tomato_3` FOREIGN KEY (`id_flower`) REFERENCES `flower` (`id_flower`) ON DELETE CASCADE ON UPDATE CASCADE,
  ADD CONSTRAINT `fk_fact_tomato_4` FOREIGN KEY (`id_fruit`) REFERENCES `fruit` (`id_fruit`) ON DELETE CASCADE ON UPDATE CASCADE,
  ADD CONSTRAINT `fk_fact_tomato_5` FOREIGN KEY (`id_seed`) REFERENCES `seed` (`id_seed`) ON DELETE CASCADE ON UPDATE CASCADE,
  ADD CONSTRAINT `fk_fact_tomato_6` FOREIGN KEY (`id_photo`) REFERENCES `photo` (`id_photo`) ON DELETE CASCADE ON UPDATE CASCADE,
  ADD CONSTRAINT `fk_fact_tomato_7` FOREIGN KEY (`id_accession_number`) REFERENCES `accession_number` (`id_accession_number`) ON DELETE CASCADE ON UPDATE CASCADE;

--
-- Constraints for table `flower`
--
ALTER TABLE `flower`
  ADD CONSTRAINT `flower_fk_1` FOREIGN KEY (`id_inflorescence_type`) REFERENCES `inflorescence_type` (`id_inflorescence_type`) ON DELETE CASCADE ON UPDATE CASCADE,
  ADD CONSTRAINT `flower_fk_2` FOREIGN KEY (`id_corolla_colour`) REFERENCES `corolla_colour` (`id_corolla_colour`) ON DELETE CASCADE ON UPDATE CASCADE,
  ADD CONSTRAINT `flower_fk_3` FOREIGN KEY (`id_corolla_blossom_type`) REFERENCES `corolla_blossom_type` (`id_corolla_blossom_type`) ON DELETE CASCADE ON UPDATE CASCADE,
  ADD CONSTRAINT `flower_fk_4` FOREIGN KEY (`id_flower_sterility_type`) REFERENCES `flower_sterility_type` (`id_flower_sterility_type`) ON DELETE CASCADE ON UPDATE CASCADE,
  ADD CONSTRAINT `flower_fk_5` FOREIGN KEY (`id_style_position`) REFERENCES `style_position` (`id_style_position`) ON DELETE CASCADE ON UPDATE CASCADE,
  ADD CONSTRAINT `flower_fk_6` FOREIGN KEY (`id_style_shape`) REFERENCES `style_shape` (`id_style_shape`) ON DELETE CASCADE ON UPDATE CASCADE,
  ADD CONSTRAINT `flower_fk_7` FOREIGN KEY (`id_style_hairiness`) REFERENCES `style_hairiness` (`id_style_hairiness`) ON DELETE CASCADE ON UPDATE CASCADE,
  ADD CONSTRAINT `flower_fk_8` FOREIGN KEY (`id_dehiscence`) REFERENCES `dehiscence` (`id_dehiscence`) ON DELETE CASCADE ON UPDATE CASCADE;

--
-- Constraints for table `fruit`
--
ALTER TABLE `fruit`
  ADD CONSTRAINT `fruit_fk_1` FOREIGN KEY (`id_exterior_colour_of_immature_fruit`) REFERENCES `exterior_colour_of_immature_fruit` (`id_exterior_colour_of_immature_fruit`) ON DELETE CASCADE ON UPDATE CASCADE,
  ADD CONSTRAINT `fruit_fk_10` FOREIGN KEY (`id_ribbing_at_calyx_end`) REFERENCES `ribbing_at_calyx_end` (`id_ribbing_at_calyx_end`) ON DELETE CASCADE ON UPDATE CASCADE,
  ADD CONSTRAINT `fruit_fk_11` FOREIGN KEY (`id_easiness_of_fruit_to_detach_from_pedicel`) REFERENCES `easiness_of_fruit_to_detach_from_pedicel` (`id_easiness_of_fruit_to_detach_from_pedicel`) ON DELETE CASCADE ON UPDATE CASCADE,
  ADD CONSTRAINT `fruit_fk_12` FOREIGN KEY (`id_fruit_shoulder_shape`) REFERENCES `fruit_shoulder_shape` (`id_fruit_shoulder_shape`) ON DELETE CASCADE ON UPDATE CASCADE,
  ADD CONSTRAINT `fruit_fk_13` FOREIGN KEY (`id_presence_absence_of_jiontless_pedicel`) REFERENCES `presence_absence_of_jiontless_pedicel` (`id_presence_absence_of_jiontless_pedicel`) ON DELETE CASCADE ON UPDATE CASCADE,
  ADD CONSTRAINT `fruit_fk_14` FOREIGN KEY (`id_easiness_of_fruit_wall_skin_to_be_peeled`) REFERENCES `easiness_of_fruit_wall_skin_to_be_peeled` (`id_easiness_of_fruit_wall_skin_to_be_peeled`) ON DELETE CASCADE ON UPDATE CASCADE,
  ADD CONSTRAINT `fruit_fk_15` FOREIGN KEY (`id_skin_colour_of_ripe_fruit`) REFERENCES `skin_colour_of_ripe_fruit` (`id_skin_colour_of_ripe_fruit`) ON DELETE CASCADE ON UPDATE CASCADE,
  ADD CONSTRAINT `fruit_fk_16` FOREIGN KEY (`id_flesh_colour_of_peiricarp_interior`) REFERENCES `flesh_colour_of_peiricarp_interior` (`id_flesh_colour_of_peiricarp_interior`) ON DELETE CASCADE ON UPDATE CASCADE,
  ADD CONSTRAINT `fruit_fk_17` FOREIGN KEY (`id_flesh_colour_intensity`) REFERENCES `flesh_colour_intensity` (`id_flesh_colour_intensity`) ON DELETE CASCADE ON UPDATE CASCADE,
  ADD CONSTRAINT `fruit_fk_18` FOREIGN KEY (`id_colour_intensity_of_core`) REFERENCES `colour_intensity_of_core` (`id_colour_intensity_of_core`) ON DELETE CASCADE ON UPDATE CASCADE,
  ADD CONSTRAINT `fruit_fk_19` FOREIGN KEY (`id_fruit_cross_sectional_shape`) REFERENCES `fruit_cross_sectional_shape` (`id_fruit_cross_sectional_shape`) ON DELETE CASCADE ON UPDATE CASCADE,
  ADD CONSTRAINT `fruit_fk_2` FOREIGN KEY (`id_presence_of_green_shoulder_trips_on_the_fruit`) REFERENCES `presence_of_green_shoulder_trips_on_the_fruit` (`id_presence_of_green_shoulder_trips_on_the_fruit`) ON DELETE CASCADE ON UPDATE CASCADE,
  ADD CONSTRAINT `fruit_fk_20` FOREIGN KEY (`id_shape_of_pistil_scar`) REFERENCES `shape_of_pistil_scar` (`id_shape_of_pistil_scar`) ON DELETE CASCADE ON UPDATE CASCADE,
  ADD CONSTRAINT `fruit_fk_21` FOREIGN KEY (`id_fruit_blossom_end_shape`) REFERENCES `fruit_blossom_end_shape` (`id_fruit_blossom_end_shape`) ON DELETE CASCADE ON UPDATE CASCADE,
  ADD CONSTRAINT `fruit_fk_22` FOREIGN KEY (`id_blossom_end_scar_condition`) REFERENCES `blossom_end_scar_condition` (`id_blossom_end_scar_condition`) ON DELETE CASCADE ON UPDATE CASCADE,
  ADD CONSTRAINT `fruit_fk_23` FOREIGN KEY (`id_fruit_firmness_after_storage`) REFERENCES `fruit_firmness_after_storage` (`id_fruit_firmness_after_storage`) ON DELETE CASCADE ON UPDATE CASCADE,
  ADD CONSTRAINT `fruit_fk_3` FOREIGN KEY (`id_intensity_of_greenback`) REFERENCES `intensity_of_greenback` (`id_intensity_of_greenback`) ON DELETE CASCADE ON UPDATE CASCADE,
  ADD CONSTRAINT `fruit_fk_4` FOREIGN KEY (`id_fruit_pubescence`) REFERENCES `fruit_pubescence` (`id_fruit_pubescence`) ON DELETE CASCADE ON UPDATE CASCADE,
  ADD CONSTRAINT `fruit_fk_5` FOREIGN KEY (`id_predominant_fruit_shape`) REFERENCES `predominant_fruit_shape` (`id_predominant_fruit_shape`) ON DELETE CASCADE ON UPDATE CASCADE,
  ADD CONSTRAINT `fruit_fk_6` FOREIGN KEY (`id_fruit_size`) REFERENCES `fruit_size` (`id_fruit_size`) ON DELETE CASCADE ON UPDATE CASCADE,
  ADD CONSTRAINT `fruit_fk_7` FOREIGN KEY (`id_fruit_size_homogeneity`) REFERENCES `fruit_size_homogeneity` (`id_fruit_size_homogeneity`) ON DELETE CASCADE ON UPDATE CASCADE,
  ADD CONSTRAINT `fruit_fk_8` FOREIGN KEY (`id_exterior_colour_of_mature_fruit`) REFERENCES `exterior_colour_of_mature_fruit` (`id_exterior_colour_of_mature_fruit`) ON DELETE CASCADE ON UPDATE CASCADE,
  ADD CONSTRAINT `fruit_fk_9` FOREIGN KEY (`id_intensity_of_exterior_colour`) REFERENCES `intensity_of_exterior_colour` (`id_intensity_of_exterior_colour`) ON DELETE CASCADE ON UPDATE CASCADE;

--
-- Constraints for table `gallery`
--
ALTER TABLE `gallery`
  ADD CONSTRAINT `fk_gallery_1` FOREIGN KEY (`id_fact_toamto`) REFERENCES `fact_tomato` (`id_fact_tomato`) ON DELETE CASCADE ON UPDATE CASCADE,
  ADD CONSTRAINT `fk_gallery_2` FOREIGN KEY (`id_photo`) REFERENCES `photo` (`id_photo`) ON DELETE CASCADE ON UPDATE CASCADE;

--
-- Constraints for table `plant`
--
ALTER TABLE `plant`
  ADD CONSTRAINT `plant_fk_1` FOREIGN KEY (`id_plant_growth_type`) REFERENCES `plant_growth_type` (`id_plant_growth_type`) ON DELETE CASCADE ON UPDATE CASCADE,
  ADD CONSTRAINT `plant_fk_10` FOREIGN KEY (`id_anthocyanin_colouration_of_leaf_veins`) REFERENCES `anthocyanin_colouration_of_leaf_veins` (`id_anthocyanin_colouration_of_leaf_veins`) ON DELETE CASCADE ON UPDATE CASCADE,
  ADD CONSTRAINT `plant_fk_2` FOREIGN KEY (`id_plant_size`) REFERENCES `plant_size` (`id_plant_size`) ON DELETE CASCADE ON UPDATE CASCADE,
  ADD CONSTRAINT `plant_fk_3` FOREIGN KEY (`id_stem_internode_length`) REFERENCES `stem_internode_length` (`id_stem_internode_length`) ON DELETE CASCADE ON UPDATE CASCADE,
  ADD CONSTRAINT `plant_fk_4` FOREIGN KEY (`id_stem_pubescence_density`) REFERENCES `stem_pubescence_density` (`id_stem_pubescence_density`) ON DELETE CASCADE ON UPDATE CASCADE,
  ADD CONSTRAINT `plant_fk_5` FOREIGN KEY (`id_number_of_leaves_under_1st_inflorescence`) REFERENCES `number_of_leaves_under_1st_inflorescence` (`id_number_of_leaves_under_1st_inflorescence`) ON DELETE CASCADE ON UPDATE CASCADE,
  ADD CONSTRAINT `plant_fk_6` FOREIGN KEY (`id_leaf_type`) REFERENCES `leaf_type` (`id_leaf_type`) ON DELETE CASCADE ON UPDATE CASCADE,
  ADD CONSTRAINT `plant_fk_7` FOREIGN KEY (`id_leaf_attitude`) REFERENCES `leaf_attitude` (`id_leaf_attitude`) ON DELETE CASCADE ON UPDATE CASCADE,
  ADD CONSTRAINT `plant_fk_8` FOREIGN KEY (`id_foliage_density`) REFERENCES `foliage_density` (`id_foliage_density`) ON DELETE CASCADE ON UPDATE CASCADE,
  ADD CONSTRAINT `plant_fk_9` FOREIGN KEY (`id_degree_of_leaf_dissection`) REFERENCES `degree_of_leaf_dissection` (`id_degree_of_leaf_dissection`) ON DELETE CASCADE ON UPDATE CASCADE;

--
-- Constraints for table `seed`
--
ALTER TABLE `seed`
  ADD CONSTRAINT `seed_fk_1` FOREIGN KEY (`id_seed_shape`) REFERENCES `seed_shape` (`id_seed_shape`) ON DELETE CASCADE ON UPDATE CASCADE,
  ADD CONSTRAINT `seed_fk_2` FOREIGN KEY (`id_seed_colour`) REFERENCES `seed_colour` (`id_seed_colour`) ON DELETE CASCADE ON UPDATE CASCADE;

--
-- Constraints for table `seedling`
--
ALTER TABLE `seedling`
  ADD CONSTRAINT `seedling_fk_1` FOREIGN KEY (`id_hypocotyl_colour`) REFERENCES `hypocotyl_colour` (`id_hypocotyl_colour`) ON DELETE CASCADE ON UPDATE CASCADE,
  ADD CONSTRAINT `seedling_fk_2` FOREIGN KEY (`id_hypocotyl_colour_intensity`) REFERENCES `hypocotyl_colour_intensity` (`id_hypocotyl_colour_intensity`) ON DELETE CASCADE ON UPDATE CASCADE,
  ADD CONSTRAINT `seedling_fk_3` FOREIGN KEY (`id_hypocotyl_pubescence`) REFERENCES `hypocotyl_pubescence` (`id_hypocotyl_pubescence`) ON DELETE CASCADE ON UPDATE CASCADE;
COMMIT;

/*!40101 SET CHARACTER_SET_CLIENT=@OLD_CHARACTER_SET_CLIENT */;
/*!40101 SET CHARACTER_SET_RESULTS=@OLD_CHARACTER_SET_RESULTS */;
/*!40101 SET COLLATION_CONNECTION=@OLD_COLLATION_CONNECTION */;
